Source,Target
0,1
0,2
0,3
0,4
0,5
0,7
0,8
0,9
0,13
0,16
0,19
0,24
0,26
0,27
0,33
0,44
0,46
0,57
0,77
0,83
0,92
0,96
0,118
0,121
0,156
0,157
0,161
0,171
0,183
0,187
0,191
0,211
0,214
0,238
0,246
0,256
0,308
0,329
0,342
0,393
0,404
0,418
0,420
0,430
0,436
0,437
0,448
0,452
0,454
0,483
0,487
0,499
0,507
0,511
0,527
0,581
0,586
0,629
0,630
0,692
0,713
0,724
0,838
0,957
0,971
0,1025
0,1074
0,1125
0,1166
0,1196
0,1216
0,1357
0,1426
0,1478
0,1479
0,1492
0,1525
0,1605
0,1635
0,1728
0,1800
0,1805
0,1811
0,1831
0,1887
0,1916
0,1924
1,113
1,149
1,184
1,209
1,326
1,1029
1,1248
1,1456
1,1487
1,1605
2,4
2,5
2,6
2,7
2,9
2,10
2,13
2,15
2,17
2,22
2,27
2,30
2,31
2,37
2,38
2,40
2,41
2,42
2,43
2,45
2,54
2,75
2,89
2,93
2,99
2,107
2,119
2,127
2,130
2,131
2,137
2,140
2,141
2,144
2,145
2,147
2,148
2,163
2,166
2,173
2,206
2,212
2,216
2,237
2,238
2,266
2,268
2,297
2,298
2,309
2,314
2,319
2,330
2,336
2,347
2,354
2,355
2,372
2,384
2,387
2,392
2,398
2,406
2,417
2,472
2,495
2,531
2,539
2,548
2,556
2,574
2,577
2,578
2,598
2,605
2,624
2,641
2,653
2,657
2,666
2,674
2,675
2,693
2,701
2,731
2,753
2,767
2,788
2,804
2,805
2,812
2,828
2,834
2,858
2,870
2,879
2,901
2,906
2,913
2,948
2,969
2,978
2,1003
2,1033
2,1042
2,1052
2,1072
2,1078
2,1107
2,1135
2,1143
2,1152
2,1160
2,1255
2,1273
2,1290
2,1299
2,1327
2,1342
2,1357
2,1375
2,1380
2,1392
2,1406
2,1467
2,1506
2,1540
2,1547
2,1561
2,1576
2,1685
2,1703
2,1744
2,1779
2,1783
2,1786
2,1794
2,1807
2,1840
2,1853
2,1887
2,1910
2,1942
2,1952
2,1996
3,4
3,6
3,11
3,17
3,26
3,31
3,36
3,40
3,47
3,52
3,56
3,59
3,61
3,62
3,64
3,76
3,78
3,83
3,119
3,193
3,237
3,238
3,265
3,312
3,361
3,372
3,377
3,409
3,447
3,461
3,493
3,709
3,725
3,744
3,752
3,757
3,813
3,819
3,821
3,861
3,899
3,931
3,1030
3,1086
3,1139
3,1203
3,1275
3,1382
3,1385
3,1453
3,1472
3,1514
3,1537
3,1597
3,1652
3,1748
3,1842
3,1892
3,1999
4,5
4,6
4,12
4,16
4,34
4,53
4,55
4,56
4,63
4,72
4,86
4,90
4,127
4,301
4,329
4,386
4,524
4,526
4,577
4,623
4,716
4,778
4,890
4,916
4,1280
4,1506
4,1832
5,10
5,11
5,12
5,14
5,16
5,20
5,22
5,25
5,29
5,30
5,36
5,38
5,54
5,64
5,85
5,89
5,122
5,137
5,154
5,161
5,190
5,192
5,193
5,209
5,213
5,217
5,229
5,258
5,280
5,286
5,290
5,337
5,376
5,380
5,390
5,421
5,427
5,436
5,438
5,469
5,472
5,488
5,497
5,523
5,644
5,663
5,679
5,734
5,735
5,793
5,798
5,814
5,829
5,845
5,855
5,876
5,959
5,974
5,987
5,988
5,1070
5,1081
5,1128
5,1135
5,1156
5,1199
5,1211
5,1267
5,1276
5,1282
5,1283
5,1300
5,1361
5,1412
5,1486
5,1523
5,1560
5,1599
5,1615
5,1624
5,1654
5,1667
5,1735
5,1865
5,1954
5,1962
5,1972
6,7
6,8
6,9
6,12
6,13
6,17
6,19
6,32
6,63
6,72
6,88
6,95
6,155
6,163
6,186
6,195
6,199
6,226
6,276
6,298
6,311
6,312
6,365
6,368
6,734
6,837
6,840
6,851
6,896
6,958
6,993
6,1023
6,1047
6,1049
6,1055
6,1068
6,1144
6,1177
6,1186
6,1220
6,1223
6,1238
6,1318
6,1371
6,1449
6,1557
6,1583
6,1590
6,1671
6,1690
6,1779
6,1889
6,1898
6,1992
7,8
7,20
7,33
7,34
7,44
7,46
7,60
7,62
7,75
7,81
7,166
7,349
7,549
7,586
7,614
7,869
7,964
7,1160
7,1377
7,1563
7,1647
7,1761
7,1879
7,1888
8,10
8,11
8,14
8,18
8,21
8,23
8,28
8,66
8,67
8,77
8,90
8,109
8,123
8,136
8,169
8,178
8,223
8,233
8,259
8,263
8,335
8,353
8,412
8,498
8,545
8,558
8,671
8,760
8,766
8,783
8,819
8,952
8,988
8,1067
8,1173
8,1205
8,1242
8,1263
8,1330
8,1346
8,1383
8,1424
8,1465
8,1590
8,1604
8,1729
8,1788
8,1882
9,19
9,37
9,48
9,169
9,182
9,231
9,412
9,418
9,467
9,468
9,523
9,603
9,697
9,705
9,783
9,1202
9,1245
9,1248
9,1315
9,1562
9,1684
9,1824
9,1914
10,15
10,21
10,25
10,35
10,59
10,69
10,85
10,93
10,100
10,104
10,106
10,109
10,122
10,132
10,162
10,168
10,177
10,193
10,196
10,197
10,228
10,241
10,296
10,302
10,309
10,323
10,341
10,378
10,389
10,400
10,411
10,433
10,449
10,477
10,491
10,557
10,571
10,583
10,609
10,655
10,660
10,693
10,716
10,771
10,772
10,813
10,850
10,865
10,876
10,923
10,937
10,959
10,1035
10,1270
10,1391
10,1394
10,1429
10,1524
10,1569
10,1636
10,1640
10,1673
10,1690
10,1714
10,1742
10,1745
10,1791
10,1919
10,1920
10,1922
10,1938
10,1949
11,18
11,21
11,33
11,51
11,56
11,81
11,88
11,97
11,98
11,146
11,216
11,251
11,256
11,517
11,543
11,555
11,617
11,633
11,647
11,650
11,669
11,673
11,738
11,779
11,846
11,898
11,1332
11,1347
11,1352
11,1446
11,1490
11,1530
11,1610
11,1803
12,18
12,23
12,25
12,30
12,35
12,39
12,41
12,58
12,85
12,183
12,205
12,209
12,211
12,242
12,274
12,286
12,291
12,315
12,333
12,350
12,369
12,414
12,429
12,450
12,471
12,490
12,506
12,510
12,538
12,584
12,590
12,593
12,629
12,634
12,636
12,668
12,699
12,719
12,769
12,781
12,786
12,878
12,936
12,1050
12,1081
12,1118
12,1141
12,1162
12,1210
12,1252
12,1270
12,1319
12,1371
12,1417
12,1468
12,1684
12,1721
12,1735
12,1996
13,14
13,15
13,211
13,255
13,285
13,297
13,489
13,499
13,745
13,792
13,1216
13,1524
13,1914
13,1975
14,52
14,53
14,106
14,415
14,982
15,58
15,121
15,123
15,125
15,188
15,311
15,314
15,321
15,357
15,449
15,463
15,586
15,637
15,701
15,809
15,1016
15,1037
15,1127
15,1312
15,1648
15,1736
15,1896
15,1918
16,28
16,29
16,67
16,102
16,110
16,162
16,204
16,276
16,283
16,293
16,307
16,351
16,376
16,521
16,534
16,542
16,554
16,564
16,620
16,743
16,758
16,845
16,889
16,1036
16,1400
16,1512
16,1554
16,1796
17,24
17,26
17,32
17,37
17,43
17,50
17,60
17,114
17,131
17,140
17,141
17,161
17,204
17,232
17,233
17,248
17,305
17,337
17,374
17,504
17,509
17,527
17,616
17,747
17,865
17,918
17,1136
17,1162
17,1230
17,1257
17,1369
17,1410
17,1461
17,1483
17,1577
17,1632
17,1657
17,1773
17,1908
17,1991
18,22
18,45
18,61
18,65
18,73
18,74
18,103
18,115
18,118
18,120
18,122
18,124
18,162
18,206
18,212
18,217
18,231
18,236
18,243
18,261
18,274
18,280
18,290
18,311
18,363
18,366
18,382
18,396
18,403
18,411
18,423
18,444
18,446
18,462
18,491
18,512
18,541
18,605
18,673
18,718
18,738
18,768
18,786
18,792
18,802
18,831
18,858
18,865
18,884
18,917
18,946
18,952
18,1096
18,1131
18,1247
18,1255
18,1268
18,1281
18,1381
18,1413
18,1423
18,1430
18,1439
18,1559
18,1644
18,1722
18,1745
18,1800
18,1811
18,1849
18,1915
18,1943
18,1947
18,1953
18,1982
19,20
19,29
19,32
19,39
19,47
19,65
19,66
19,71
19,103
19,110
19,120
19,121
19,131
19,200
19,208
19,210
19,508
19,614
19,615
19,619
19,684
19,747
19,751
19,904
19,1092
19,1140
19,1197
19,1354
19,1392
19,1511
19,1622
19,1837
19,1929
19,1942
19,1995
20,61
20,222
20,257
20,388
20,428
20,457
20,489
20,540
20,571
20,610
20,659
20,767
20,893
20,1176
20,1312
20,1511
20,1699
21,24
21,27
21,46
21,49
21,51
21,53
21,54
21,59
21,80
21,108
21,133
21,135
21,140
21,144
21,158
21,170
21,174
21,194
21,210
21,227
21,230
21,247
21,252
21,291
21,314
21,331
21,344
21,381
21,402
21,459
21,562
21,584
21,588
21,615
21,666
21,698
21,702
21,719
21,787
21,845
21,859
21,871
21,877
21,918
21,928
21,967
21,982
21,1022
21,1027
21,1060
21,1061
21,1168
21,1212
21,1241
21,1258
21,1582
21,1629
21,1641
21,1658
21,1712
21,1774
21,1809
21,1851
21,1894
21,1968
21,1984
21,1985
22,23
22,306
22,392
22,413
22,719
22,949
22,1214
22,1356
22,1770
23,28
23,31
23,36
23,44
23,102
23,117
23,158
23,186
23,194
23,203
23,213
23,218
23,266
23,269
23,324
23,345
23,386
23,394
23,434
23,532
23,536
23,635
23,652
23,670
23,672
23,686
23,726
23,755
23,771
23,792
23,827
23,831
23,838
23,868
23,911
23,916
23,928
23,1004
23,1061
23,1096
23,1149
23,1181
23,1214
23,1233
23,1311
23,1462
23,1510
23,1661
23,1677
23,1718
23,1768
23,1782
23,1859
23,1881
23,1900
23,1920
24,47
24,71
24,167
24,324
24,475
24,1303
24,1894
24,1924
25,113
25,277
25,282
25,429
25,467
25,515
25,626
25,796
25,1355
26,34
26,43
26,45
26,182
26,222
26,295
26,543
26,929
26,1045
26,1219
26,1532
26,1863
26,1965
27,38
27,39
27,62
27,67
27,76
27,84
27,93
27,94
27,99
27,115
27,137
27,143
27,151
27,169
27,225
27,247
27,258
27,273
27,319
27,364
27,369
27,391
27,413
27,419
27,456
27,460
27,542
27,558
27,582
27,598
27,611
27,627
27,669
27,703
27,723
27,778
27,797
27,866
27,891
27,920
27,962
27,1002
27,1010
27,1011
27,1052
27,1135
27,1240
27,1272
27,1296
27,1316
27,1330
27,1386
27,1418
27,1528
27,1601
27,1703
27,1747
27,1815
27,1819
27,1889
27,1890
27,1892
28,42
28,51
28,68
28,70
28,90
28,114
28,124
28,126
28,142
28,148
28,163
28,180
28,198
28,202
28,245
28,250
28,273
28,302
28,322
28,422
28,466
28,469
28,479
28,506
28,592
28,599
28,678
28,708
28,711
28,836
28,846
28,854
28,866
28,909
28,934
28,979
28,1024
28,1034
28,1045
28,1073
28,1074
28,1131
28,1191
28,1292
28,1368
28,1427
28,1555
28,1587
28,1603
28,1761
28,1812
28,1841
28,1878
29,35
29,41
29,112
29,113
29,138
29,221
29,258
29,264
29,322
29,349
29,352
29,367
29,380
29,399
29,487
29,502
29,540
29,547
29,645
29,705
29,773
29,811
29,1120
29,1225
29,1663
29,1816
30,48
30,97
30,125
30,136
30,160
30,164
30,176
30,368
30,488
30,497
30,1032
30,1070
30,1129
30,1275
30,1401
30,1433
30,1453
30,1859
30,1962
31,57
31,127
31,188
31,235
31,338
31,1043
32,48
32,57
32,73
32,79
32,116
32,134
32,182
32,304
32,365
32,637
32,790
32,799
32,827
32,951
32,1041
32,1089
32,1166
32,1313
32,1354
32,1404
32,1785
33,40
33,49
33,78
33,138
33,187
33,275
33,279
33,350
33,465
33,515
33,518
33,544
33,724
33,874
33,881
33,997
33,1179
33,1201
33,1224
33,1466
33,1752
33,1873
34,42
34,55
34,74
34,94
34,96
34,130
34,234
34,290
34,503
34,558
34,611
34,623
34,664
34,867
34,1113
34,1594
34,1680
34,1944
35,49
35,52
35,65
35,68
35,70
35,86
35,105
35,106
35,107
35,108
35,117
35,132
35,133
35,144
35,151
35,159
35,184
35,206
35,225
35,233
35,237
35,242
35,263
35,268
35,281
35,284
35,303
35,308
35,384
35,407
35,439
35,495
35,513
35,518
35,523
35,527
35,554
35,578
35,583
35,593
35,608
35,626
35,638
35,659
35,685
35,702
35,712
35,730
35,757
35,780
35,781
35,787
35,834
35,875
35,920
35,921
35,935
35,947
35,952
35,1002
35,1007
35,1040
35,1059
35,1115
35,1125
35,1163
35,1183
35,1220
35,1237
35,1405
35,1411
35,1419
35,1430
35,1432
35,1438
35,1448
35,1523
35,1551
35,1651
35,1679
35,1706
35,1710
35,1722
35,1776
35,1799
35,1818
35,1839
35,1950
35,1980
35,1995
36,75
36,165
36,179
36,536
36,864
36,1509
36,1530
36,1769
37,108
37,124
37,172
37,336
38,50
38,70
38,110
38,213
38,240
38,255
38,261
38,301
38,309
38,443
38,507
38,519
38,555
38,595
38,606
38,676
38,737
38,812
38,813
38,832
38,890
38,907
38,933
38,1180
38,1332
38,1630
38,1647
38,1737
38,1750
38,1941
38,1981
39,68
39,157
39,203
39,257
39,303
39,450
39,746
39,1140
39,1221
39,1518
39,1550
39,1688
39,1784
40,99
40,181
40,220
40,390
40,416
40,717
40,828
40,888
40,1062
40,1262
40,1278
41,97
41,329
41,428
41,1196
41,1390
41,1715
42,77
42,95
42,105
42,129
42,153
42,160
42,172
42,218
42,228
42,269
42,281
42,300
42,392
42,474
42,494
42,574
42,580
42,680
42,764
42,803
42,804
42,807
42,902
42,921
42,945
42,990
42,1344
42,1451
42,1624
42,1664
42,1702
42,1738
42,1827
42,1904
43,72
43,147
43,196
43,197
43,236
43,267
43,356
43,364
43,408
43,433
43,437
43,473
43,528
43,532
43,679
43,900
43,1057
43,1060
43,1091
43,1277
43,1364
43,1397
44,111
44,135
44,146
44,504
44,728
44,869
44,970
44,1010
44,1253
44,1387
44,1718
44,1901
45,109
45,111
45,375
45,382
45,409
45,508
45,517
45,569
45,602
45,1053
45,1605
46,111
46,128
46,215
46,253
46,281
46,426
46,505
46,516
46,647
46,686
46,837
46,896
46,1242
46,1358
46,1746
46,1793
46,1891
46,1896
47,60
47,73
47,175
47,335
47,348
47,515
47,860
47,888
47,894
47,974
47,1087
47,1444
47,1836
47,1866
48,69
48,128
48,145
48,171
48,198
48,259
48,321
48,332
48,710
48,1101
48,1188
48,1288
48,1335
48,1410
48,1440
48,1563
48,1751
48,1805
48,1835
49,50
49,55
49,66
49,87
49,148
49,223
49,360
49,383
49,415
49,552
49,713
49,721
49,816
49,828
49,1048
49,1059
49,1368
49,1420
49,1423
49,1481
49,1943
50,267
50,351
50,377
50,432
50,739
50,856
50,976
50,1037
50,1476
50,1509
51,103
51,173
51,278
51,410
51,475
51,801
51,917
51,1036
51,1064
51,1246
51,1420
51,1678
51,1828
52,186
52,268
52,371
52,374
52,491
52,525
52,568
52,831
52,1108
52,1481
52,1688
52,1700
52,1961
53,58
53,71
53,145
53,168
53,239
53,261
53,405
53,438
53,440
53,493
53,618
53,712
53,833
53,904
53,950
53,1058
53,1082
53,1095
53,1147
53,1200
53,1509
53,1533
53,1552
53,1625
53,1682
53,1928
54,63
54,152
54,202
55,80
55,82
55,165
55,252
55,270
55,570
55,580
55,660
55,898
55,1035
55,1391
55,1479
55,1713
55,1911
56,91
56,115
56,129
56,134
56,139
56,152
56,166
56,168
56,228
56,229
56,265
56,272
56,519
56,535
56,557
56,572
56,620
56,690
56,729
56,759
56,785
56,835
56,885
56,935
56,995
56,1001
56,1056
56,1071
56,1320
56,1447
56,1540
56,1792
56,1825
57,78
57,116
57,147
57,195
57,197
57,243
57,254
57,362
57,693
57,752
57,1326
57,1413
57,1781
57,1917
57,1930
58,94
58,118
58,142
58,177
58,339
58,443
58,482
58,559
58,741
58,803
58,863
58,1179
58,1191
58,1262
58,1338
58,1507
58,1513
58,1913
58,1931
59,64
59,80
59,100
59,175
59,205
59,362
59,470
59,529
59,574
59,576
59,651
59,681
59,728
59,732
59,748
59,803
59,818
59,926
59,993
59,1102
59,1456
59,1587
59,1661
60,95
60,98
60,120
60,192
60,271
60,500
60,584
60,589
60,789
60,841
60,1040
60,1372
60,1422
60,1485
60,1675
61,112
61,136
61,203
61,287
61,300
61,439
61,533
61,707
61,855
61,921
61,948
61,1062
61,1078
61,1225
61,1311
61,1519
61,1596
61,1638
62,69
62,81
62,101
62,263
62,316
62,458
62,526
62,650
62,1079
62,1144
62,1273
62,1588
64,114
64,159
64,178
64,185
64,275
64,320
64,361
64,460
64,465
64,475
64,510
64,706
64,709
64,1127
64,1138
64,1181
64,1182
64,1414
64,1529
64,1548
64,1550
65,104
65,570
65,1042
65,1630
65,1723
66,74
66,82
66,83
66,91
66,149
66,339
66,356
66,427
66,500
66,697
66,699
66,791
66,873
66,961
66,999
66,1213
66,1251
66,1348
66,1358
66,1609
66,1614
66,1810
66,1934
66,1990
67,79
67,287
67,370
67,408
67,945
67,1230
67,1286
67,1295
67,1398
67,1483
67,1507
67,1721
68,155
68,293
68,359
68,444
68,446
68,528
68,607
68,687
68,902
69,84
69,158
69,201
69,210
69,462
69,473
69,509
69,601
69,642
69,942
69,1306
69,1344
69,1350
69,1426
69,1437
69,1533
69,1704
70,440
70,553
70,697
70,939
70,1209
70,1500
70,1636
70,1704
70,1911
71,331
71,490
71,535
71,1164
71,1249
72,88
72,139
72,248
72,694
72,925
72,1091
72,1228
72,1665
72,1924
73,91
73,112
73,125
73,202
73,279
73,534
73,616
73,625
73,727
73,761
73,856
73,900
73,966
73,1011
73,1073
73,1114
73,1168
73,1256
73,1349
73,1528
73,1710
74,922
74,1031
74,1591
74,1746
75,76
75,79
75,104
75,129
75,181
75,305
75,317
75,442
75,453
75,694
75,720
75,723
75,745
75,802
75,824
75,835
75,882
75,946
75,971
75,998
75,1110
75,1266
75,1314
75,1543
75,1594
75,1644
75,1672
75,1798
75,1845
75,1922
76,412
76,466
76,593
76,1169
76,1441
76,1885
76,1932
77,86
77,101
77,143
77,153
77,347
77,357
77,420
77,433
77,553
77,624
77,783
77,879
77,897
77,968
77,1007
77,1085
77,1106
77,1182
77,1188
77,1226
77,1347
77,1473
77,1476
77,1585
77,1598
77,1804
77,1859
77,1937
78,180
78,249
78,334
78,442
78,477
78,505
78,683
78,911
78,1082
78,1258
78,1747
78,1792
79,146
79,185
79,190
79,204
79,255
79,304
79,313
79,318
79,441
79,506
79,897
79,1075
79,1077
79,1198
79,1296
80,87
80,152
80,227
80,326
80,441
80,501
80,531
80,616
80,800
80,857
80,992
80,1309
80,1504
80,1593
81,82
81,87
81,119
81,608
81,776
81,912
81,945
81,1157
81,1189
81,1351
81,1689
82,176
82,215
82,234
82,272
82,323
82,483
82,730
82,761
82,801
82,838
82,1032
82,1133
82,1143
82,1219
82,1262
82,1388
82,1477
82,1523
82,1531
82,1534
82,1652
82,1767
82,1855
82,1970
83,84
83,208
83,264
83,493
83,495
83,526
83,534
83,628
83,655
83,919
83,929
83,948
83,1256
83,1821
84,170
84,236
84,451
84,525
84,1267
84,1407
84,1679
84,1753
84,1992
85,89
85,92
85,134
85,181
85,217
85,234
85,276
85,294
85,351
85,457
85,498
85,1148
85,1165
85,1184
85,1236
85,1299
85,1461
85,1696
85,1988
86,150
86,285
86,420
86,1600
86,1795
86,1914
87,100
87,135
87,313
87,330
87,341
87,452
87,487
87,541
87,573
87,582
87,597
87,1118
87,1224
87,1333
87,1545
87,1733
87,1768
88,92
88,98
88,105
88,214
88,253
88,305
88,306
88,317
88,318
88,367
88,406
88,451
88,656
88,661
88,753
88,766
88,842
88,1142
88,1490
89,207
89,239
89,334
89,670
89,995
89,1006
89,1069
89,1348
89,1370
89,1431
89,1618
89,1708
90,231
90,283
90,427
90,779
90,1383
90,1939
91,126
91,199
91,221
91,252
91,397
91,400
91,418
91,743
91,799
91,1356
91,1488
91,1515
91,1694
91,1741
91,1752
92,102
92,117
92,295
92,530
92,636
92,687
92,968
92,1084
92,1428
92,1803
93,96
93,173
93,189
93,219
93,271
93,328
93,333
93,431
93,592
93,622
93,678
93,754
93,844
93,846
93,862
93,1051
93,1058
93,1098
93,1152
93,1215
93,1322
93,1396
93,1431
93,1520
93,1687
93,1692
93,1717
93,1740
93,1775
93,1932
94,101
94,223
94,259
94,458
94,468
94,501
94,547
94,1133
94,1156
94,1345
94,1451
94,1822
94,1904
95,150
95,244
95,262
95,565
95,656
95,1267
95,1356
95,1417
95,1650
96,130
96,190
96,539
96,944
96,1079
96,1118
96,1340
96,1488
96,1768
96,1770
96,1816
96,1997
97,128
97,216
97,445
97,656
97,699
97,806
97,1353
98,244
98,299
98,441
98,591
98,795
98,873
98,885
98,903
98,947
98,1474
98,1620
99,171
99,288
99,486
99,503
99,603
99,640
99,843
99,942
99,1031
99,1386
99,1672
100,107
100,226
100,544
100,1294
100,1361
100,1567
101,143
101,155
101,156
101,198
101,232
101,284
101,520
101,547
101,556
101,692
101,870
101,1021
101,1090
101,1207
101,1676
101,1705
101,1757
102,632
102,863
102,1853
103,310
103,564
103,640
103,704
103,723
103,755
103,1401
103,1721
104,150
104,184
104,191
104,219
104,241
104,254
104,292
104,353
104,393
104,416
104,424
104,481
104,668
104,670
104,720
104,775
104,1173
104,1184
104,1227
104,1373
104,1497
104,1766
104,1948
105,142
105,224
105,521
105,1337
105,1686
106,224
106,326
106,345
106,492
106,589
106,595
106,625
106,814
106,1285
106,1740
106,1955
107,123
107,227
107,230
107,248
107,385
107,483
107,504
107,762
107,872
107,910
107,989
107,1321
107,1470
109,180
109,463
109,510
109,652
109,1707
110,435
110,447
110,481
110,485
110,613
110,618
110,634
110,640
110,739
110,912
110,926
110,958
111,153
111,174
111,366
111,411
111,419
111,742
111,906
111,1265
111,1350
111,1662
111,1981
112,349
112,403
112,522
112,524
112,732
113,116
113,151
113,175
113,179
113,251
113,299
113,397
113,465
113,769
113,809
113,1102
113,1588
113,1617
114,157
114,496
114,679
114,757
114,868
114,938
114,1091
114,1837
115,315
115,342
115,610
115,932
115,1615
115,1829
116,132
116,246
116,291
116,299
116,316
116,327
116,398
116,455
116,810
117,139
117,260
117,293
117,599
117,1042
117,1329
117,1447
117,1604
118,208
118,332
118,343
118,346
118,395
118,405
118,430
118,466
118,488
118,525
118,667
118,696
118,727
118,731
118,1034
118,1212
118,1382
118,1468
118,1654
118,1760
118,1771
118,1873
118,1912
119,178
119,179
119,265
119,270
119,1422
119,1505
119,1860
120,200
120,288
120,579
120,781
120,867
120,985
120,1153
120,1366
120,1651
120,1701
120,1775
121,622
121,976
121,1675
122,536
122,591
122,847
122,968
122,1571
122,1623
122,1813
122,1814
123,133
123,189
123,279
123,350
123,425
123,463
123,471
123,473
123,784
124,126
124,219
124,225
124,297
124,397
124,514
124,1165
124,1396
124,1432
124,1716
124,1902
124,1946
125,872
125,954
125,987
125,1019
125,1238
126,176
126,187
126,320
126,323
126,375
126,763
126,770
126,1032
126,1293
126,1392
126,1535
126,1759
126,1777
126,1846
126,1872
127,343
127,494
127,631
127,771
128,266
128,295
128,325
128,419
128,478
128,707
128,709
128,949
128,1012
128,1031
128,1045
128,1130
128,1137
128,1254
128,1271
128,1363
128,1418
128,1600
128,1777
128,1790
128,1980
129,189
129,224
129,294
129,338
129,383
129,637
129,665
129,963
129,1117
129,1409
129,1745
129,1909
130,160
130,247
130,1443
130,1840
130,1911
131,339
131,414
131,667
131,687
131,817
131,897
131,941
131,1346
131,1376
131,1404
131,1582
131,1832
132,195
132,855
132,941
132,1314
132,1534
132,1626
132,1786
132,1936
133,648
133,880
133,934
133,954
133,1441
133,1502
133,1655
133,1804
133,1864
133,1963
134,154
134,172
134,269
134,381
134,454
134,471
134,522
134,550
134,560
134,561
134,566
134,607
134,772
134,784
134,892
134,1287
134,1452
134,1541
134,1718
134,1771
135,222
135,377
135,982
135,1061
135,1698
135,1737
135,1833
136,138
136,200
136,201
136,229
136,321
136,335
136,369
136,447
136,674
136,895
136,905
136,977
136,991
136,1094
136,1300
137,278
137,1217
137,1836
138,167
138,370
138,619
138,700
138,877
138,901
138,1136
138,1607
139,425
139,1015
139,1399
139,1849
140,141
140,177
140,243
140,284
140,296
140,347
140,400
140,546
140,575
140,576
140,776
140,868
140,930
140,1022
140,1041
140,1157
140,1193
140,1259
140,1263
140,1454
140,1527
140,1580
140,1719
140,1817
140,1931
141,286
141,385
141,399
141,570
141,737
141,1387
141,1629
142,164
142,354
142,540
142,1496
142,1778
143,149
143,165
143,304
143,390
143,395
143,464
143,529
143,696
143,822
143,956
143,1126
143,1586
143,1656
144,207
144,254
144,345
144,403
144,415
144,478
144,603
144,1047
144,1095
144,1112
144,1758
145,170
145,272
145,320
145,867
145,1083
145,1085
145,1117
145,1408
145,1450
145,1495
145,1551
145,1620
145,1646
145,1927
145,1966
146,795
146,909
146,1399
146,1659
147,267
147,389
147,579
147,779
147,1170
147,1181
147,1618
148,156
148,620
148,816
148,920
148,1309
148,1377
148,1503
148,1716
149,154
149,159
149,373
149,445
149,512
149,688
149,870
149,926
149,1014
149,1018
149,1132
149,1235
149,1252
149,1774
149,1802
150,201
150,230
150,241
150,680
150,722
150,765
150,796
150,852
150,1046
150,1047
150,1348
150,1402
150,1406
150,1488
150,1563
151,232
151,289
151,800
151,1076
151,1270
151,1435
151,1646
151,1845
151,1989
152,294
152,317
152,344
152,541
152,562
152,972
152,1012
152,1065
152,1203
152,1264
152,1370
152,1418
154,214
154,1692
155,448
155,1014
155,1232
155,1258
155,1612
155,1649
155,1724
155,1945
155,1956
156,164
156,174
156,220
156,344
156,370
156,754
156,826
156,1234
156,1623
156,1694
156,1696
156,1881
157,966
157,1107
157,1330
158,262
158,306
158,560
158,617
158,919
158,934
158,1121
158,1396
158,1433
158,1852
160,754
160,1691
160,1874
161,474
161,811
161,1193
161,1297
162,307
162,596
162,760
162,1004
162,1109
162,1370
162,1416
162,1491
163,191
163,573
163,787
163,833
163,844
163,882
163,927
163,1078
163,1191
163,1415
164,316
164,319
164,387
164,568
164,658
164,715
164,1008
164,1049
164,1319
164,1328
164,1450
164,1553
165,1112
165,1164
165,1826
166,167
166,192
166,220
166,235
166,270
166,853
166,1155
166,1208
166,1933
166,1989
167,183
167,185
167,410
167,572
167,633
167,769
167,940
167,1050
167,1458
167,1724
168,388
168,544
168,735
168,953
168,979
168,1153
168,1455
168,1556
168,1603
168,1797
168,1869
168,1876
168,1965
168,1979
168,1982
169,722
169,922
169,1834
170,994
171,274
171,643
171,1187
172,226
172,260
172,361
172,548
172,582
172,588
172,664
172,825
172,923
172,981
172,1639
172,1659
173,302
173,333
173,993
173,1808
174,257
174,589
174,613
174,652
174,1307
174,1760
175,575
175,1055
176,221
176,245
176,250
176,436
176,444
176,459
176,588
176,764
176,836
176,908
176,978
176,1017
176,1028
176,1179
176,1232
176,1285
176,1463
176,1584
176,1847
176,1997
177,287
177,550
177,668
177,886
177,986
177,1338
177,1540
178,212
178,346
178,457
178,912
178,1201
178,1256
178,1371
178,1835
178,1880
180,275
180,1040
181,1973
182,188
182,407
182,449
182,496
182,646
182,983
182,1051
182,1861
183,207
183,253
183,310
183,839
183,996
183,1257
183,1895
183,1905
184,196
184,218
184,422
184,484
184,549
184,635
184,651
184,726
184,1028
184,1220
184,1516
184,1625
184,1851
184,1882
184,1950
185,933
185,1194
186,843
186,1008
187,194
187,364
187,462
187,551
187,638
187,689
187,791
187,825
187,1025
187,1065
187,1323
187,1575
188,277
188,289
188,569
188,678
188,849
188,1243
189,409
190,909
190,962
191,240
191,244
191,246
191,307
191,325
191,358
191,453
191,552
191,612
191,686
191,850
191,1298
191,1320
191,1470
191,1536
191,1778
191,1796
191,1980
193,563
193,752
193,848
193,1018
194,708
194,849
194,931
195,292
195,401
195,989
195,1218
196,692
196,1077
196,1624
196,1628
196,1650
197,356
197,665
197,717
197,1652
197,1886
198,199
198,215
198,482
198,513
198,542
198,736
198,827
198,836
198,839
198,857
198,861
198,986
198,990
198,1143
198,1207
198,1234
198,1294
198,1393
198,1567
198,1940
199,205
199,249
199,277
199,292
199,621
199,1054
199,1429
200,250
200,996
200,1083
200,1176
200,1801
201,1004
201,1661
202,1928
203,242
203,359
203,450
203,641
203,1569
203,1796
204,312
204,332
204,851
204,904
204,1414
204,1791
205,480
205,1321
206,579
206,1097
206,1142
207,360
207,1013
207,1194
207,1235
208,455
208,572
209,239
209,256
209,358
209,371
209,503
209,567
209,676
209,1066
209,1302
210,308
210,353
210,604
210,809
210,908
210,1016
210,1054
210,1093
210,1123
210,1185
210,1250
210,1719
211,563
211,961
211,1411
211,1491
211,1586
212,383
212,1526
212,1874
212,1906
213,325
213,379
213,985
213,1121
213,1607
214,401
214,1097
214,1880
215,340
215,388
215,406
215,581
215,639
215,647
215,1520
215,1547
215,1848
216,618
216,1051
216,1282
217,407
218,235
218,273
218,376
218,614
218,706
218,955
218,1129
218,1538
219,373
219,860
219,967
219,1155
220,1015
221,341
221,1204
222,1482
223,271
223,391
223,508
223,774
223,818
223,1088
224,1341
225,262
225,318
225,384
225,554
225,555
225,1000
225,1119
225,1275
225,1293
225,1360
225,1364
226,1687
226,1829
227,251
227,496
227,507
227,520
227,669
227,736
227,756
227,1067
227,1368
227,1677
228,288
228,424
228,480
228,1166
228,1210
228,1754
229,401
229,438
229,468
229,477
229,511
229,533
229,720
229,994
229,1174
229,1321
229,1480
229,1545
229,1558
229,1592
229,1739
229,1769
229,1994
230,410
230,645
230,1048
231,355
231,722
231,1468
231,1730
231,1816
231,1938
232,546
233,346
233,520
233,820
233,1770
234,283
234,379
234,456
234,486
234,497
234,583
234,869
234,1099
234,1113
234,1295
234,1318
234,1486
235,280
235,313
235,363
235,389
235,479
235,489
235,676
235,689
235,704
235,882
235,1379
235,1436
235,1724
235,1755
235,1984
236,396
236,424
236,585
237,594
237,662
237,739
237,1172
237,1315
238,278
238,451
238,622
238,1029
238,1572
239,240
239,298
239,300
239,324
239,482
239,553
239,581
239,600
239,632
239,738
239,756
239,850
239,1870
240,502
240,595
240,681
240,759
240,996
240,1403
240,1429
241,245
241,328
241,512
241,610
241,617
241,931
241,1494
241,1571
241,1653
242,841
242,957
242,1149
242,1158
243,282
243,336
243,348
243,502
243,517
243,790
243,1134
243,1211
244,726
244,1053
246,249
246,363
246,368
246,421
246,733
246,875
246,891
246,1899
247,260
247,402
247,442
247,484
247,550
247,567
247,585
247,750
247,1227
247,1947
248,801
248,1306
248,1726
249,289
249,303
249,328
249,413
249,459
249,1023
249,1098
249,1901
250,744
250,966
250,1127
251,282
251,434
251,445
251,546
251,1013
251,1111
251,1261
251,1288
252,878
253,355
253,684
253,712
253,1325
253,1341
253,1750
253,1788
254,327
254,434
254,476
254,1241
255,740
255,1138
255,1572
256,399
256,559
256,778
256,1374
256,1904
256,1913
257,375
258,519
258,1620
259,285
259,423
259,456
259,551
259,777
259,816
259,988
259,1180
259,1504
259,1743
260,310
260,808
260,896
260,1664
261,372
261,461
261,643
261,935
261,1080
261,1750
261,1803
261,1839
261,1931
262,264
262,460
262,1066
263,296
263,661
263,748
263,1608
263,1611
264,928
264,1033
264,1082
265,464
265,1351
265,1711
266,404
266,677
266,729
267,408
267,777
268,615
268,655
268,962
268,1193
268,1941
269,315
269,694
269,715
269,1342
269,1785
270,367
270,602
270,742
270,1268
270,1678
271,937
271,1009
271,1161
271,1269
271,1373
271,1484
271,1830
273,762
273,872
274,404
274,730
275,1121
275,1515
276,330
276,352
276,354
276,428
276,774
276,1115
276,1492
277,587
277,635
277,871
277,1088
277,1276
277,1612
277,1670
277,1811
278,343
278,537
278,832
278,973
278,1021
278,1240
278,1274
278,1504
278,1654
278,1747
278,1896
279,327
279,394
279,446
279,612
279,852
279,1133
279,1172
279,1323
279,1762
280,597
280,1090
280,1264
280,1303
280,1360
280,1384
280,1385
280,1885
281,708
281,805
281,822
281,1236
281,1243
281,1408
282,703
282,797
282,1020
282,1169
282,1501
282,1561
283,849
283,1109
285,357
286,648
286,689
286,1376
287,385
287,421
287,1225
287,1289
287,1334
287,1415
287,1564
287,1878
288,1472
289,348
289,746
290,1378
290,1598
291,322
291,740
291,1164
291,1231
291,1381
291,1395
291,1440
291,1459
292,472
292,631
292,1007
293,609
293,796
293,1100
294,331
294,359
294,565
294,577
294,714
294,750
294,905
294,1150
294,1212
294,1698
294,1858
294,1959
295,539
296,301
296,644
296,768
296,782
296,804
297,671
297,799
297,976
297,1043
298,605
298,1222
298,1233
298,1383
298,1464
299,476
299,711
299,861
299,1224
299,1385
299,1825
299,1860
300,396
300,448
300,469
300,1063
300,1442
300,1576
300,1591
301,387
301,461
301,645
301,970
301,1064
301,1280
301,1508
301,1549
301,1619
301,1655
301,1784
301,1935
302,695
302,1095
302,1221
302,1331
303,718
303,721
303,767
303,770
304,432
304,494
304,543
304,1055
304,1115
304,1836
305,352
305,379
305,609
305,1393
305,1632
306,374
306,807
306,965
307,991
307,1781
308,454
309,746
309,1925
310,378
310,810
311,623
311,639
311,713
311,1708
312,334
312,402
312,565
312,1103
312,1130
312,1161
312,1249
312,1450
312,1807
314,913
314,1187
314,1528
314,1671
315,470
315,480
315,1163
316,371
317,911
317,1335
318,997
319,340
319,373
319,717
319,1072
319,1144
319,1519
320,501
320,561
320,649
320,1506
320,1517
321,958
321,971
321,1324
321,1425
321,1658
322,1200
322,1516
323,380
323,426
323,486
323,715
323,1123
323,1893
324,516
324,700
324,943
324,1148
324,1935
325,391
325,430
325,500
325,521
325,651
325,665
325,716
325,953
325,1302
325,1352
325,1564
326,535
327,362
327,858
327,885
327,1202
327,1261
327,1308
327,1455
327,1589
327,1656
327,1743
327,1824
327,1922
328,360
328,514
328,557
328,587
328,731
328,815
328,824
328,864
328,1108
328,1138
328,1789
328,1855
329,467
329,516
329,1067
329,1103
329,1252
329,1410
329,1921
330,821
330,965
330,1835
331,337
331,422
331,481
331,629
331,714
331,862
331,881
331,1543
331,1858
332,340
332,366
332,452
332,847
332,1369
332,1593
332,1711
332,1884
333,470
333,537
333,753
333,1068
333,1473
333,1527
333,1884
333,1929
334,393
334,562
334,1994
335,342
335,537
335,695
335,820
335,1086
335,1326
335,1544
335,1603
335,1626
336,1011
336,1799
337,338
337,1244
337,1259
338,417
338,1363
339,509
339,751
339,1098
339,1642
340,662
340,696
340,1122
340,1482
340,1660
340,1839
341,386
341,552
341,706
341,953
341,1039
341,1712
342,484
342,575
343,405
343,873
343,1044
343,1301
343,1649
343,1764
344,490
344,514
344,568
344,680
344,775
344,1089
344,1335
345,599
346,358
346,646
346,1228
346,1317
347,485
347,608
347,944
347,1178
347,1339
347,1844
348,378
348,485
348,1124
348,1203
348,1298
348,1365
348,1842
348,1869
349,1462
349,1888
350,642
350,1277
351,545
351,789
351,854
352,395
352,432
352,439
352,479
352,758
352,1003
352,1190
352,1336
352,1381
352,1424
352,1729
352,1787
353,429
353,561
353,654
353,1050
354,425
354,811
354,1425
354,1558
354,1705
354,1707
354,1772
354,1786
355,972
356,416
356,1367
357,682
357,848
357,980
357,1038
357,1245
358,365
358,1149
359,381
359,760
359,1585
359,1662
359,1665
360,443
360,587
360,810
360,919
360,1734
361,626
361,627
361,1614
363,981
364,382
364,398
364,524
364,600
364,621
364,673
364,913
364,1446
364,1840
365,435
365,594
365,1113
365,1435
365,1480
366,414
366,563
366,657
366,704
366,734
366,794
366,1069
367,1756
367,1813
368,1019
368,1261
368,1802
369,529
370,874
370,1457
371,590
372,1959
373,874
373,905
373,1035
373,1655
373,1758
374,435
374,455
374,627
374,777
374,914
374,1139
375,878
376,532
376,1663
377,1339
378,394
378,423
378,749
378,765
378,1001
378,1075
378,1337
378,1430
378,1824
379,794
380,591
380,1336
380,1966
381,606
381,883
381,1317
381,1929
382,1634
383,431
383,498
383,511
384,790
385,1175
385,1254
385,1464
385,1541
385,1993
385,1998
387,1575
388,718
388,1247
389,499
389,628
389,886
389,1044
390,464
390,674
390,765
390,975
390,1462
390,1625
391,545
391,979
391,1116
391,1967
392,431
392,528
392,725
392,1105
392,1978
394,857
395,417
395,571
395,634
395,848
397,698
397,1405
397,1565
398,513
398,690
398,710
398,991
398,1030
398,1239
398,1266
398,1437
398,1862
400,437
400,750
400,756
400,1541
400,1627
400,1867
401,476
401,594
401,606
401,1213
401,1305
401,1612
403,683
403,685
403,747
403,798
403,844
403,1072
403,1269
403,1682
404,576
404,998
404,1024
404,1065
404,1099
405,648
405,725
405,1304
406,569
406,600
406,898
406,1114
406,1461
406,1483
406,1507
406,1690
407,833
407,1960
408,703
408,798
409,776
409,793
410,426
410,530
410,533
410,710
410,995
410,1137
410,1300
410,1442
410,1627
410,1818
410,1829
411,1041
412,458
412,1141
413,887
413,1046
413,1148
413,1341
414,1001
414,1977
415,1427
415,1647
416,984
417,649
417,835
417,1094
417,1260
417,1463
417,1537
418,1611
419,675
419,969
419,1440
420,564
420,1245
421,505
421,839
421,859
421,984
421,1353
421,1499
421,1686
421,1823
422,802
422,883
422,1638
423,440
423,1016
424,956
424,1005
424,1043
424,1066
424,1254
424,1701
424,1928
424,1949
426,1284
427,492
427,660
427,1005
427,1037
427,1296
427,1817
427,1936
428,1923
429,642
429,1186
429,1208
429,1217
429,1333
429,1598
429,1699
429,1827
430,628
430,654
430,903
430,984
430,1316
430,1641
431,915
431,1057
431,1312
432,1022
432,1366
432,1822
434,474
434,786
434,815
434,847
434,888
434,1122
434,1217
434,1329
434,1638
435,1804
436,604
436,638
436,824
436,908
436,1003
436,1186
436,1613
436,1742
436,1913
436,1919
438,1006
438,1246
439,1800
440,1851
442,538
442,762
442,1428
443,1592
443,1810
444,1550
445,613
445,625
445,1123
445,1175
447,894
447,1968
448,478
448,630
448,683
448,842
448,859
448,1147
449,636
449,758
449,1404
449,1566
449,1693
450,492
450,830
450,1076
450,1407
451,1114
451,1493
452,453
452,597
452,633
452,987
452,1253
452,1402
452,1958
452,1978
453,1241
453,1333
453,1424
453,1739
453,1813
453,1958
454,522
454,1673
455,566
455,646
455,932
455,1063
455,1414
455,1565
455,1748
456,1008
456,1726
456,1916
457,518
457,1136
457,1282
461,657
461,1163
461,1175
461,1423
461,1820
462,871
462,916
463,749
463,983
463,1131
463,1178
463,1555
464,530
464,590
464,751
464,977
464,1331
464,1466
464,1546
464,1609
464,1676
464,1876
465,1199
466,830
466,983
466,1204
466,1637
466,1983
467,556
467,585
467,690
467,766
467,797
467,922
467,1278
467,1365
467,1498
467,1522
467,1584
468,681
469,1111
469,1200
469,1828
470,1145
470,1719
471,744
471,1271
471,1680
471,1738
471,1981
472,812
473,1044
474,749
474,1868
475,1088
475,1773
475,1875
476,644
476,768
476,1201
476,1289
478,611
479,663
479,938
479,1027
479,1323
479,1881
479,1893
480,567
480,925
480,936
480,1059
480,1154
481,903
481,1460
482,578
482,580
482,1010
482,1057
482,1187
483,559
483,598
483,764
483,1311
483,1369
484,596
484,1119
484,1207
484,1290
485,671
485,1479
486,737
486,770
486,967
486,1954
487,944
487,1058
487,1063
488,621
488,1071
488,1083
488,1334
488,1489
488,1499
488,1571
488,1649
488,1771
488,1932
488,1964
489,773
489,785
489,918
490,906
490,1305
490,1454
490,1485
491,672
491,1453
491,1681
492,538
492,1000
492,1499
492,1645
494,788
494,1087
494,1874
495,780
495,990
495,1145
495,1307
495,1449
495,1687
496,1378
496,1999
497,728
497,891
497,927
497,1238
497,1318
497,1353
497,1517
497,1545
498,840
498,875
499,667
499,1105
499,1243
499,1307
499,1590
499,1819
499,1823
499,1945
499,1995
500,817
500,942
500,964
500,1240
500,1465
500,1522
500,1549
500,1560
502,653
502,1554
502,1939
503,1221
503,1954
504,1328
504,1436
505,592
505,1362
505,1753
506,677
506,688
506,1539
507,701
507,714
507,1339
507,1487
508,1825
508,1856
508,1940
508,1979
509,1870
510,1251
512,895
513,551
513,763
513,1328
513,1723
513,1974
514,822
514,851
514,1289
514,1546
514,1926
516,1172
516,1866
517,607
517,775
517,1338
519,560
519,596
519,624
519,684
519,1271
519,1637
519,1665
519,1751
519,1933
520,1489
522,1393
523,795
523,883
523,1231
523,1395
523,1951
524,531
524,677
524,1297
525,1739
526,1674
526,1741
527,548
527,815
527,1325
528,566
528,682
528,814
528,880
528,1033
528,1170
529,745
530,733
530,773
530,884
530,1556
530,1607
530,1628
530,1792
531,653
532,1227
532,1830
534,604
534,1412
534,1542
536,1084
537,1012
537,1405
537,1564
538,755
538,808
538,1976
539,549
540,658
540,685
540,1301
540,1600
541,1014
541,1106
541,1110
541,1284
541,1422
541,1572
541,1852
542,877
542,1071
542,1304
542,1793
542,1978
543,602
543,930
543,1525
543,1722
544,650
544,820
544,1287
544,1389
544,1438
544,1583
545,1781
547,1024
547,1120
547,1606
548,1697
549,573
549,863
549,1080
549,1310
549,1358
550,785
550,1635
550,1865
551,1026
551,1359
551,1402
551,1855
552,1508
552,1732
554,698
554,700
554,724
554,834
554,853
554,1049
554,1116
554,1177
554,1451
555,643
555,663
555,691
555,789
555,1753
555,1863
556,940
556,1309
558,727
558,1797
559,943
559,1281
560,1272
561,1359
562,774
562,1064
562,1084
562,1379
562,1514
562,1568
562,1573
562,1617
562,1818
563,632
563,1549
563,1891
564,950
564,1075
565,721
565,972
565,1645
565,1866
566,1512
566,1676
568,682
568,1213
568,1864
571,631
571,675
571,1029
571,1053
571,1778
572,1315
572,1316
574,1092
574,1346
574,1888
574,1950
575,825
575,1798
576,1525
577,854
577,889
577,1182
577,1298
578,881
578,1477
578,1558
578,1681
579,1616
579,1671
580,821
580,862
581,1079
581,1103
581,1608
582,662
582,915
583,1448
586,601
586,951
586,1189
589,601
589,805
589,1578
590,742
590,1174
590,1882
591,733
591,914
591,1325
591,1434
591,1454
591,1801
591,1951
592,735
592,830
592,841
592,955
592,1234
592,1862
593,887
593,1260
594,705
594,782
594,1386
596,619
596,808
596,819
596,1158
596,1329
596,1482
597,1432
597,1469
597,1622
600,649
600,659
600,981
600,1223
601,788
601,1263
602,1156
602,1577
603,1096
603,1104
603,1535
603,1616
604,1305
604,1527
604,1569
605,978
605,1352
605,1425
606,688
606,884
607,829
607,1322
607,1748
609,924
609,1579
609,1857
610,959
610,1729
610,1872
611,612
611,691
611,895
611,1030
611,1198
611,1336
611,1476
611,1648
612,654
612,933
612,956
612,964
614,807
614,1146
614,1239
615,748
615,1555
615,1570
616,940
617,791
617,1799
618,899
619,1097
620,664
620,1038
620,1585
621,1736
621,1885
621,1926
622,1076
623,639
624,702
624,1457
624,1756
625,741
625,840
625,910
625,1176
625,1226
627,1934
628,630
628,1070
628,1297
628,1790
629,794
629,893
629,1291
629,1292
629,1400
629,1576
630,955
631,1092
631,1629
631,1633
631,1713
631,1945
632,672
633,641
633,772
633,943
635,1610
636,901
636,980
636,989
636,1023
636,1580
636,1844
636,1905
638,793
639,1202
639,1575
639,1889
639,1970
640,736
640,951
640,1334
641,661
641,784
642,806
643,946
643,1253
643,1460
644,1900
645,923
645,936
645,973
645,1345
645,1967
646,761
646,1580
646,1890
647,961
647,1005
647,1233
647,1280
647,1310
647,1340
647,1384
647,1526
647,1574
649,740
650,666
650,1653
651,927
651,1413
651,1553
653,691
653,941
653,1025
654,658
654,1431
655,1510
655,1897
656,780
656,1993
657,1125
657,1129
659,965
660,973
660,1087
660,1231
660,1388
660,1400
660,1579
661,1130
665,743
665,950
665,1073
666,980
667,1521
668,818
668,892
668,998
668,1758
669,1910
669,1915
670,823
670,1320
670,1542
671,800
671,1101
671,1205
671,1850
672,823
673,711
673,866
673,939
673,1038
673,1717
674,890
674,1036
674,1085
675,732
675,1757
675,1765
675,1837
677,1694
678,900
678,1105
680,1936
681,1167
681,1294
681,1460
682,695
682,1577
683,1474
683,1996
684,1009
684,1188
684,1766
685,843
685,852
686,864
686,1990
687,1239
687,1448
688,1935
689,1205
693,729
693,1109
693,1165
695,1362
695,1725
696,707
697,1020
697,1514
697,1809
698,1871
700,1643
701,969
701,1017
701,1199
702,1875
702,1930
703,853
703,1923
704,1168
705,1659
706,1426
707,886
707,975
707,1009
707,1026
708,975
708,1104
709,763
709,960
710,1027
710,1379
710,1878
711,1251
711,1524
713,856
713,880
713,1237
713,1552
714,1211
715,1151
715,1459
715,1769
715,1790
715,1846
715,1902
716,1002
717,1204
717,1494
717,1857
718,954
718,1215
718,1384
719,1595
719,1871
720,1106
720,1409
721,994
721,1561
722,1159
722,1557
722,1782
723,925
723,1132
723,1260
723,1737
723,1765
724,876
724,1412
724,1714
725,879
725,1077
725,1634
726,1532
726,1812
727,1206
727,1806
728,741
728,1802
729,1347
729,1419
729,1539
730,992
732,1363
732,1501
732,1548
733,759
733,826
733,1466
733,1826
734,1872
736,1153
738,1367
738,1444
738,1485
738,1917
739,947
739,1302
739,1345
739,1623
741,1169
741,1285
741,1709
742,1553
743,1108
743,1606
744,823
744,1602
748,939
748,1475
748,1706
749,1020
750,1236
751,1019
752,1834
753,1219
753,1677
754,860
754,1897
755,1562
755,1716
755,1765
755,1944
755,1991
756,1197
756,1957
757,1327
757,1599
757,1660
757,1798
757,1971
758,826
758,1250
758,1595
760,1146
760,1167
760,1192
762,829
762,1150
763,1068
764,992
764,1195
764,1257
764,1398
764,1740
765,806
765,1137
765,1380
767,1389
768,1229
768,1515
768,1845
768,1986
770,1711
771,887
771,893
771,949
771,1937
772,1433
773,1237
774,782
774,1052
774,1054
774,1556
774,1646
776,1795
776,1849
777,1526
782,1754
784,889
785,986
785,1478
785,1972
787,1567
787,1794
787,1869
789,1159
792,837
794,1704
796,817
796,1142
796,1222
796,1494
797,1472
799,832
800,930
800,1146
800,1331
802,1102
802,1394
802,1574
802,1706
802,1861
802,1895
803,963
803,1018
804,1000
804,1099
804,1324
804,1643
804,1846
805,1140
805,1351
805,1763
806,1229
806,1498
807,1469
808,842
809,963
809,1664
809,1733
811,1374
811,1641
812,1026
812,1602
813,1249
813,1361
813,1434
813,1503
813,1570
815,1218
815,1366
815,1496
815,1530
816,1457
818,1117
818,1128
818,1349
818,1445
818,1493
818,1757
819,1695
819,1720
820,1100
820,1754
821,1961
823,1619
824,1458
825,1915
826,892
826,1180
826,1214
826,1259
826,1797
831,1013
832,1727
833,914
834,1034
834,1069
835,1570
835,1644
835,1843
835,1964
836,1177
836,1215
837,1119
837,1266
837,1355
837,1548
837,1717
838,938
838,970
838,1589
839,915
839,1519
839,1876
840,1046
840,1081
841,1755
841,1971
842,1446
843,1666
843,1789
844,1332
844,1568
844,1789
845,999
846,1039
847,932
847,1192
847,1702
847,1707
849,929
850,977
850,1365
850,1998
854,1015
854,1222
855,1151
855,1596
855,1610
857,902
857,1279
857,1324
857,1390
857,1742
858,1994
859,1132
859,1409
859,1521
861,1185
861,1255
861,1481
861,1511
861,1988
862,1112
863,917
863,1491
863,1663
863,1883
863,1910
866,1465
867,1104
867,1538
867,1759
868,1150
870,1152
870,1962
872,924
872,1560
873,1021
873,1247
874,1444
875,899
875,1589
876,1562
878,1089
878,1155
878,1621
879,1189
879,1559
880,1056
880,1343
882,985
882,1355
884,1060
884,1184
884,1388
884,1508
885,1725
886,924
886,1582
886,1615
886,1847
887,1145
887,1473
888,894
889,1017
891,1441
891,1601
893,1134
893,1497
893,1579
894,937
895,1546
896,1100
896,1248
896,1389
897,907
897,1159
897,1322
898,1190
899,907
899,910
899,999
899,1715
900,1708
900,1709
901,1124
901,1196
903,1094
903,1968
904,1710
905,1090
905,1631
906,1056
906,1126
909,1678
910,1111
912,1439
912,1666
913,1116
913,1209
915,1295
915,1827
916,1662
916,1764
917,957
917,1273
917,1512
918,1269
918,1290
918,1630
918,1735
919,1327
919,1759
921,1763
922,1209
922,1291
923,1218
923,1698
925,960
925,1232
926,1456
927,1650
931,1867
932,1730
933,1006
933,1170
934,1518
936,997
936,1292
936,1364
936,1642
936,1944
937,1390
937,1879
940,1533
940,1780
941,1154
941,1513
941,1639
943,1359
943,1734
943,1761
943,1877
946,1093
947,1693
948,1171
948,1278
950,974
950,1244
950,1395
950,1613
951,1174
951,1597
953,1478
956,960
956,1584
956,1731
957,1195
957,1281
957,1442
959,1438
959,1683
963,1122
963,1969
965,1608
965,1982
966,1685
967,1265
972,1080
972,1668
972,1680
973,1028
974,1183
974,1206
975,1416
977,1139
977,1313
977,1487
980,1403
980,1674
980,1912
981,1301
981,1470
985,1048
985,1074
985,1581
987,1362
987,1397
987,1976
988,1101
989,1619
990,1387
990,1463
991,1229
991,1967
993,1161
993,1274
997,1223
997,1291
997,1308
997,1547
997,1791
998,1428
999,1601
999,1673
1000,1505
1001,1157
1003,1124
1004,1194
1004,1542
1004,1960
1005,1870
1005,1909
1005,1952
1005,1977
1007,1039
1007,1086
1007,1110
1007,1192
1007,1306
1007,1502
1007,1877
1009,1667
1009,1903
1010,1505
1012,1343
1013,1154
1013,1733
1013,1801
1014,1141
1014,1925
1015,1539
1016,1107
1016,1597
1016,1953
1023,1586
1026,1495
1026,1940
1032,1134
1032,1700
1034,1375
1034,1557
1035,1963
1036,1344
1039,1062
1040,1741
1040,1854
1041,1167
1041,1531
1041,1657
1041,1899
1042,1208
1042,1378
1042,1445
1043,1720
1043,1999
1044,1521
1045,1833
1046,1587
1046,1611
1047,1151
1047,1565
1047,1755
1049,1128
1049,1264
1050,1120
1050,1265
1052,1421
1055,1471
1055,1543
1055,1592
1059,1452
1059,1602
1059,1844
1059,1943
1060,1185
1060,1272
1060,1276
1060,1349
1060,1459
1060,1805
1060,1960
1062,1842
1063,1314
1064,1158
1064,1197
1064,1434
1065,1862
1067,1495
1067,1502
1067,1518
1067,1529
1067,1979
1071,1520
1071,1976
1081,1847
1081,1987
1082,1126
1084,1093
1084,1279
1084,1411
1084,1578
1085,1941
1087,1210
1092,1160
1093,1299
1093,1443
1093,1713
1094,1342
1094,1373
1094,1674
1094,1933
1095,1475
1096,1902
1098,1969
1099,1697
1100,1452
1100,1817
1102,1436
1102,1669
1102,1948
1103,1591
1105,1206
1105,1283
1105,1760
1107,1284
1107,1544
1107,1634
1108,1244
1109,1162
1110,1372
1110,1873
1111,1178
1113,1279
1116,1675
1117,1340
1117,1443
1117,1632
1118,1489
1119,1171
1120,1147
1120,1566
1124,1783
1125,1656
1127,1171
1127,1812
1129,1973
1132,1490
1133,1658
1134,1484
1136,1559
1136,1683
1137,1772
1137,1775
1137,1966
1138,1173
1138,1474
1139,1645
1141,1891
1143,1492
1146,1447
1146,1938
1147,1195
1147,1594
1149,1287
1154,1183
1154,1216
1154,1702
1155,1667
1155,1919
1156,1310
1157,1957
1158,1230
1159,1854
1161,1703
1162,1616
1163,1622
1164,1762
1165,1246
1165,1283
1166,1749
1167,1190
1167,1382
1168,1401
1168,1691
1172,1588
1173,1477
1179,1198
1179,1374
1179,1493
1179,1593
1179,1695
1181,1375
1181,1415
1181,1467
1184,1439
1184,1618
1184,1909
1185,1595
1186,1701
1188,1689
1188,1806
1189,1293
1189,1697
1192,1727
1193,1417
1193,1651
1194,1772
1195,1286
1195,1486
1195,1614
1195,1668
1195,1908
1198,1286
1199,1828
1199,1848
1200,1581
1201,1475
1201,1834
1202,1720
1204,1886
1204,1897
1206,1235
1206,1920
1208,1304
1208,1313
1208,1583
1208,1955
1211,1408
1212,1226
1212,1820
1213,1823
1214,1752
1215,1691
1216,1303
1217,1531
1218,1350
1218,1819
1218,1992
1220,1857
1222,1250
1222,1277
1222,1372
1222,1406
1222,1751
1222,1762
1226,1228
1226,1912
1228,1367
1230,1308
1230,1841
1232,1640
1234,1242
1234,1416
1234,1464
1234,1744
1234,1947
1235,1766
1236,1317
1239,1793
1240,1705
1244,1467
1246,1695
1248,1774
1250,1501
1252,1901
1253,1500
1254,1407
1255,1746
1256,1826
1257,1437
1258,1421
1260,1458
1260,1469
1260,1787
1260,1907
1261,1767
1262,1517
1262,1529
1263,1957
1264,1728
1266,1268
1266,1397
1266,1500
1266,1609
1267,1274
1267,1763
1268,1288
1269,1419
1270,1726
1272,1380
1272,1642
1273,1471
1274,1503
1275,1784
1277,1974
1280,1326
1282,1672
1285,1449
1288,1354
1288,1636
1289,1357
1292,1319
1292,1399
1294,1337
1294,1445
1294,1496
1294,1688
1295,1853
1296,1773
1296,1898
1297,1628
1297,1905
1298,1961
1300,1343
1300,1480
1300,1626
1300,1937
1301,1782
1302,1639
1302,1666
1303,1377
1306,1854
1306,1860
1308,1892
1311,1394
1312,1858
1313,1435
1317,1808
1317,1822
1318,1985
1321,1631
1321,1975
1323,1376
1326,1421
1326,1861
1327,1838
1329,1403
1329,1498
1330,1696
1331,1810
1332,1471
1333,1927
1334,1398
1334,1725
1335,1534
1336,1903
1340,1831
1340,1890
1340,1925
1341,1682
1350,1532
1352,1621
1352,1955
1352,1983
1355,1631
1356,1908
1358,1360
1361,1497
1361,1893
1361,1975
1365,1581
1368,1391
1373,1806
1374,1712
1377,1709
1378,1814
1383,1883
1383,1898
1384,1536
1391,1934
1392,1956
1393,1420
1393,1484
1393,1643
1393,1868
1393,1886
1395,1535
1395,1596
1396,1821
1397,1427
1397,1830
1397,1838
1399,1455
1399,1776
1402,1856
1405,1606
1405,1863
1408,1568
1412,1730
1413,1510
1414,1731
1417,1764
1419,1574
1426,1699
1427,1516
1431,1617
1434,1648
1435,1670
1435,1921
1435,1946
1436,1604
1436,1732
1440,1536
1441,1653
1442,1942
1443,1633
1444,1537
1446,1780
1448,1743
1450,1820
1452,1635
1462,1738
1463,1744
1464,1599
1464,1883
1464,1921
1468,1538
1469,1633
1470,1566
1470,1939
1472,1552
1476,1670
1476,1777
1480,1918
1485,1985
1490,1522
1493,1731
1494,1513
1494,1989
1495,1627
1495,1887
1496,1779
1497,1573
1500,1843
1506,1613
1510,1551
1512,1728
1518,1544
1519,1856
1519,1977
1519,1986
1520,1640
1520,1988
1523,1578
1526,1907
1527,1637
1529,1831
1536,1972
1539,1685
1540,1621
1542,1964
1545,1554
1545,1843
1545,1850
1545,1852
1549,1807
1553,1986
1555,1990
1559,1657
1559,1686
1561,1573
1562,1987
1563,1895
1564,1959
1567,1776
1570,1715
1582,1689
1583,1974
1587,1684
1589,1683
1591,1780
1592,1953
1595,1984
1596,1946
1600,1814
1600,1903
1601,1809
1607,1700
1609,1679
1614,1732
1616,1660
1616,1875
1617,1669
1617,1821
1619,1785
1623,1900
1624,1864
1625,1880
1629,1692
1635,1669
1638,1971
1639,1783
1641,1918
1641,1993
1642,1794
1643,1949
1646,1923
1652,1868
1653,1734
1654,1693
1657,1756
1659,1871
1659,1884
1661,1987
1664,1681
1664,1795
1667,1668
1675,1958
1676,1850
1681,1833
1683,1926
1693,1749
1694,1969
1695,1808
1697,1973
1698,1788
1700,1865
1700,1970
1703,1727
1705,1714
1708,1815
1711,1879
1715,1867
1716,1723
1717,1917
1719,1767
1719,1948
1728,1841
1729,1736
1733,1749
1738,1815
1742,1963
1746,1916
1754,1906
1763,1787
1769,1997
1772,1930
1774,1952
1777,1899
1778,1894
1779,1965
1785,1832
1790,1838
1794,1927
1826,1907
1829,1848
1848,1991
1856,1956
1857,1877
1875,1998
1889,1906
1904,1951
1972,1983
