Source,Target,Weight
1,2,1.0
1,3,1.0
2,11,1.0
2,12,1.0
2,18,1.0
2,21,1.0
2,37,1.0
2,40,1.0
2,41,1.0
2,5,1.0
2,51,1.0
2,7,1.0
2,8,1.0
3,21,2.0
3,44,2.0
3,51,2.0
3,57,2.0
3,7,2.0
3,11,1.0
3,46,1.0
3,6,1.0
3,9,1.0
4,10,1.0
4,11,2.0
4,14,3.0
4,15,1.0
4,16,1.0
4,18,1.0
4,6,4.0
4,12,1.0
4,13,1.0
4,17,1.0
4,5,1.0
4,7,2.0
4,8,1.0
4,9,1.0
5,12,3.0
5,13,4.0
5,20,3.0
5,19,1.0
5,21,2.0
5,23,1.0
5,22,1.0
6,10,1.0
6,11,2.0
6,14,4.0
6,15,1.0
6,16,1.0
6,18,1.0
6,21,1.0
6,35,1.0
6,51,1.0
6,7,1.0
7,21,3.0
7,34,2.0
7,44,3.0
7,51,3.0
7,57,2.0
7,13,1.0
7,15,2.0
7,16,2.0
7,23,1.0
7,26,2.0
7,30,2.0
7,39,2.0
7,10,1.0
7,11,1.0
7,18,1.0
7,19,1.0
7,20,1.0
7,28,1.0
7,29,1.0
7,31,1.0
7,32,1.0
7,33,1.0
7,35,1.0
7,36,1.0
7,46,1.0
8,12,2.0
8,13,3.0
8,37,5.0
8,40,3.0
8,41,2.0
8,42,3.0
8,45,3.0
8,21,2.0
8,34,2.0
8,11,2.0
8,19,1.0
8,26,1.0
9,18,1.0
9,25,2.0
9,43,1.0
9,51,3.0
9,56,2.0
9,58,2.0
10,11,3.0
10,14,2.0
10,15,3.0
10,16,2.0
11,14,1.0
11,15,2.0
11,16,2.0
11,13,1.0
11,18,1.0
11,21,1.0
11,26,1.0
11,34,1.0
11,46,1.0
11,60,1.0
12,13,5.0
12,20,2.0
12,40,1.0
12,23,1.0
12,25,1.0
13,20,2.0
13,26,3.0
13,40,2.0
13,45,2.0
13,21,1.0
13,23,1.0
13,44,1.0
13,46,2.0
13,51,1.0
13,18,1.0
13,22,1.0
14,15,1.0
15,16,3.0
15,30,1.0
15,34,3.0
15,39,2.0
17,23,4.0
17,25,1.0
17,46,4.0
17,49,1.0
17,50,2.0
17,51,3.0
17,52,2.0
17,47,1.0
18,21,2.0
18,25,1.0
18,43,1.0
18,44,2.0
18,56,1.0
18,58,1.0
18,46,1.0
18,51,1.0
19,24,2.0
19,25,2.0
19,30,2.0
19,36,2.0
19,23,2.0
19,26,2.0
19,27,1.0
19,28,2.0
19,29,1.0
19,31,1.0
19,33,1.0
19,34,1.0
19,56,1.0
19,58,1.0
19,44,1.0
20,40,3.0
20,42,3.0
20,45,3.0
20,23,1.0
21,44,3.0
21,51,3.0
21,57,2.0
21,34,1.0
21,46,2.0
21,40,1.0
21,41,1.0
21,58,1.0
21,60,1.0
22,26,1.0
23,25,2.0
23,46,5.0
23,49,4.0
23,50,4.0
23,51,3.0
23,52,4.0
23,34,1.0
23,37,1.0
23,39,1.0
23,44,1.0
23,47,3.0
23,56,2.0
23,31,1.0
23,35,1.0
23,48,2.0
24,25,2.0
24,27,1.0
24,28,2.0
24,29,1.0
24,30,2.0
24,31,4.0
24,32,2.0
24,33,3.0
24,34,2.0
24,35,2.0
24,36,1.0
24,26,1.0
25,31,2.0
25,35,2.0
25,43,1.0
25,46,3.0
25,47,1.0
25,48,1.0
25,52,1.0
25,56,3.0
25,58,1.0
25,51,1.0
26,27,4.0
26,34,3.0
26,44,3.0
26,46,1.0
26,28,3.0
26,29,1.0
26,30,3.0
26,33,3.0
26,39,1.0
26,51,1.0
26,36,2.0
26,31,1.0
26,32,1.0
26,37,1.0
27,31,1.0
27,32,1.0
27,33,1.0
27,34,1.0
27,35,1.0
27,36,2.0
27,38,1.0
27,44,2.0
27,54,1.0
27,59,1.0
28,29,2.0
28,31,2.0
28,32,3.0
28,33,4.0
28,34,2.0
28,35,1.0
28,36,2.0
28,30,1.0
29,31,3.0
29,32,1.0
29,33,2.0
29,34,2.0
29,35,3.0
29,30,1.0
30,34,2.0
30,36,3.0
30,31,1.0
30,33,2.0
30,39,1.0
30,44,1.0
30,32,1.0
31,32,1.0
31,33,3.0
31,34,4.0
31,35,3.0
31,37,2.0
31,39,1.0
31,44,2.0
31,38,1.0
31,41,1.0
32,33,3.0
32,34,1.0
32,35,1.0
33,34,3.0
33,35,2.0
33,36,1.0
33,44,2.0
33,53,1.0
34,35,2.0
34,36,3.0
34,57,1.0
34,39,1.0
34,46,2.0
34,50,2.0
34,45,1.0
34,44,1.0
35,58,2.0
35,44,1.0
36,44,1.0
37,40,2.0
37,41,2.0
37,39,2.0
37,44,1.0
37,38,1.0
37,43,1.0
37,45,2.0
37,42,1.0
38,39,1.0
38,44,2.0
38,54,2.0
38,59,1.0
39,44,3.0
39,46,1.0
39,51,1.0
39,55,3.0
39,43,1.0
40,41,3.0
40,42,3.0
40,45,3.0
41,42,3.0
41,45,3.0
42,45,3.0
43,51,2.0
43,56,1.0
43,58,1.0
44,51,4.0
44,53,2.0
44,54,2.0
44,55,2.0
44,57,2.0
44,59,2.0
44,61,2.0
44,46,1.0
46,47,4.0
46,49,3.0
46,52,2.0
46,51,3.0
46,48,3.0
46,50,1.0
47,48,3.0
47,51,3.0
47,52,1.0
47,50,2.0
47,56,1.0
48,52,2.0
48,51,1.0
49,50,1.0
49,52,2.0
50,51,2.0
50,52,3.0
50,53,1.0
51,52,2.0
51,57,2.0
51,56,2.0
51,58,2.0
52,56,1.0
53,54,1.0
53,55,2.0
54,55,1.0
54,59,1.0
54,61,1.0
54,56,1.0
55,59,1.0
55,61,3.0
56,58,2.0
59,61,1.0
