source,target
113,26
13,88
44,155
173,40
71,29
90,42
29,32
48,45
6,48
92,88
9,90
83,39
124,40
69,104
14,168
129,155
41,42
127,45
25,34
85,48
30,112
71,150
117,37
7,165
103,102
120,42
39,117
59,32
4,96
78,45
23,109
97,58
212,45
157,109
36,48
96,99
113,39
154,40
44,168
30,4
71,42
76,120
29,45
15,110
122,7
18,115
37,165
207,51
152,115
105,40
64,2
69,117
55,182
22,5
108,45
27,120
187,109
66,48
11,112
30,125
184,40
84,102
29,166
15,2
101,5
6,182
18,7
4,109
45,110
59,45
119,59
78,58
193,8
17,48
143,187
110,10
96,112
94,2
25,168
11,4
52,5
98,121
10,8
54,51
18,128
119,180
45,2
31,67
105,53
91,118
36,182
3,5
22,18
108,58
8,120
75,110
173,187
11,125
140,10
181,11
167,113
98,13
82,5
101,18
1,80
40,8
193,21
58,62
163,115
22,139
75,2
94,15
61,67
66,182
33,5
52,18
93,19
79,121
98,134
10,21
170,10
211,11
114,78
119,193
67,3
12,67
31,80
17,182
191,69
70,8
3,18
89,21
88,62
52,139
126,88
5,27
79,13
65,78
63,5
82,18
68,83
109,121
21,8
40,21
155,8
100,72
26,86
3,139
42,67
61,80
176,67
135,29
33,18
74,19
19,83
93,32
32,22
51,35
35,27
150,14
109,13
169,27
114,91
100,193
95,78
67,16
12,80
153,19
213,70
158,134
70,21
89,34
9,11
47,37
33,139
5,40
46,78
65,91
51,156
63,18
104,19
49,83
109,134
68,96
169,148
62,22
7,86
81,35
26,99
141,86
86,150
180,14
125,78
199,27
42,80
102,94
47,158
74,32
19,96
160,35
13,22
32,35
51,48
16,27
35,40
150,27
95,91
81,156
134,19
153,32
172,45
39,159
213,83
92,22
37,86
111,35
171,86
28,37
14,102
148,102
187,30
132,94
32,156
104,32
62,35
7,99
81,48
180,27
39,51
125,91
4,30
28,158
96,33
146,150
60,110
13,35
25,89
44,102
118,51
16,40
2,105
76,54
62,156
136,105
122,170
134,32
34,94
139,110
125,212
92,35
37,99
152,49
69,51
110,52
14,115
55,116
27,54
13,156
30,59
84,36
29,100
103,49
6,116
166,105
105,95
110,173
22,60
55,8
25,102
99,51
44,115
30,180
57,54
43,119
117,105
76,67
84,157
15,57
18,62
64,178
31,1
17,103
50,51
36,116
91,52
8,54
168,6
11,59
52,60
126,9
186,60
43,11
84,49
103,62
15,178
1,14
87,54
73,119
45,57
119,6
64,70
105,108
91,173
3,60
77,9
22,73
121,52
80,14
66,116
11,180
30,193
167,168
79,55
198,6
98,68
184,108
170,173
82,60
15,70
115,8
156,9
101,73
73,11
18,75
59,113
45,178
12,1
31,14
17,116
135,71
176,109
168,19
33,60
107,9
52,73
126,22
24,11
10,76
156,130
68,17
109,55
183,4
100,6
45,70
141,7
58,9
3,73
89,76
77,22
42,1
61,14
80,27
33,181
47,79
19,17
79,68
63,60
82,73
156,22
142,124
101,86
21,63
54,11
40,76
155,63
114,25
12,14
72,28
58,130
130,6
171,7
75,70
135,84
80,148
88,9
107,22
148,23
93,87
65,25
10,89
51,90
49,17
68,30
109,68
183,17
169,82
114,146
26,33
67,71
86,84
31,148
70,76
130,127
42,14
83,15
28,79
102,28
47,92
181,92
19,30
146,71
5,95
46,133
60,31
63,73
137,22
21,76
95,25
40,89
81,90
155,76
34,15
139,31
125,133
213,17
56,33
116,84
61,148
47,213
14,36
129,23
74,87
148,36
93,100
113,15
46,25
32,90
49,30
90,31
35,95
16,82
150,82
7,33
67,84
34,136
125,25
166,26
111,90
9,79
28,92
14,157
148,157
41,31
60,44
5,108
146,84
46,146
25,23
44,36
159,23
2,39
62,90
136,39
81,103
34,28
180,82
125,146
139,44
37,33
78,34
23,98
28,213
14,49
96,88
160,103
113,28
13,90
44,157
32,103
173,42
71,31
16,95
90,44
35,108
76,109
29,34
92,90
152,104
9,92
105,29
124,42
14,170
108,34
8,96
41,44
27,109
25,36
44,49
159,36
2,52
29,155
122,117
120,44
161,45
106,109
59,34
4,98
64,112
9,213
97,60
55,63
27,1
25,157
154,42
44,170
30,6
112,45
57,109
2,173
71,44
15,112
6,63
18,117
147,2
152,117
64,4
191,45
124,55
105,42
110,120
22,7
8,109
94,112
209,99
30,127
98,2
43,66
29,168
103,117
15,4
101,7
87,109
142,45
18,9
45,112
193,10
36,63
163,104
22,128
94,4
25,170
80,69
52,7
112,58
43,187
115,63
15,125
101,128
128,2
18,130
133,117
147,15
59,168
45,4
31,69
110,133
3,7
89,10
75,112
33,115
66,63
181,13
79,2
98,15
84,117
184,55
189,133
82,7
73,187
40,10
45,125
119,74
158,2
3,128
177,15
163,117
75,4
116,5
61,69
135,18
80,82
33,7
19,72
93,21
10,23
63,115
82,128
109,2
202,193
128,15
114,80
12,69
31,82
172,21
72,83
70,10
89,23
135,139
28,13
47,26
5,29
165,18
65,80
79,15
63,7
49,72
54,187
128,136
21,10
40,23
155,10
26,88
125,67
58,77
158,15
42,69
116,18
61,82
135,31
162,134
74,21
93,34
5,150
79,136
51,37
49,193
35,29
95,80
67,18
12,82
70,23
9,13
28,26
14,91
47,39
88,77
148,91
5,42
46,80
165,31
35,150
68,98
169,150
21,23
7,88
81,37
172,155
213,193
39,40
23,32
9,134
102,96
14,212
148,212
74,34
32,37
44,91
159,78
118,40
16,29
35,42
150,29
81,158
34,83
153,34
194,35
37,88
111,37
97,102
9,26
50,27
69,40
14,104
187,32
44,212
32,158
206,45
30,48
145,35
104,34
71,86
16,150
62,37
122,51
20,40
39,53
6,105
111,158
4,32
23,45
83,96
157,45
124,97
96,35
13,37
25,91
44,104
104,155
16,42
117,94
62,158
103,159
134,34
34,96
180,150
18,51
92,37
78,102
23,166
152,51
50,40
36,105
110,54
96,156
113,96
25,212
13,158
154,97
11,48
29,102
134,155
6,118
4,45
105,97
22,62
108,102
96,48
25,104
66,105
30,182
2,120
43,121
15,59
101,62
59,102
4,166
133,51
119,116
31,3
17,105
91,54
110,67
168,8
154,110
52,62
186,62
84,51
29,115
43,13
15,180
161,5
73,121
45,59
119,8
105,110
31,124
3,62
163,51
22,75
77,11
94,180
61,3
80,16
11,182
24,121
98,70
43,134
82,62
142,113
128,178
73,13
114,14
100,116
45,180
12,3
31,16
17,118
91,67
75,59
33,62
107,11
93,76
46,1
65,14
10,78
15,193
49,6
109,57
68,19
183,6
73,134
54,121
26,22
100,8
86,73
141,9
67,60
58,11
3,75
89,78
42,3
61,16
102,17
121,67
179,8
79,70
63,62
137,11
82,75
109,178
95,14
40,78
114,27
141,130
12,16
53,17
72,30
56,22
171,9
116,73
130,8
80,150
88,11
33,75
148,25
93,89
46,14
65,27
151,30
32,79
49,19
35,84
109,70
150,71
68,32
54,134
114,148
7,22
26,35
67,73
172,89
125,14
70,78
89,91
171,130
9,68
102,30
47,94
148,146
60,33
5,97
146,73
65,148
10,212
104,76
49,140
21,78
95,27
81,92
26,156
34,17
39,95
37,22
56,35
171,22
212,23
113,17
13,79
32,92
16,84
90,33
35,97
150,84
40,212
7,35
134,76
34,138
125,27
111,92
83,30
28,94
124,31
14,159
143,44
69,95
201,22
113,138
32,213
25,25
117,28
7,156
81,105
34,30
39,108
125,148
111,213
199,97
4,87
37,35
23,100
78,36
97,49
212,36
14,51
55,52
96,90
160,105
113,30
25,146
154,31
44,159
173,44
71,33
16,97
29,36
134,89
48,49
6,52
37,156
78,157
111,105
105,31
124,44
69,108
110,109
108,36
8,98
11,103
44,51
30,116
2,54
76,3
43,55
29,157
48,170
122,119
87,98
6,173
59,36
78,49
23,113
17,39
36,52
110,1
96,103
108,157
154,44
173,57
140,109
29,49
115,52
18,119
59,157
78,170
147,4
105,44
64,6
91,109
210,60
22,9
108,49
168,63
66,52
11,116
112,168
98,4
43,68
184,44
103,119
170,109
15,6
101,9
147,125
18,11
59,49
119,63
105,165
64,127
17,52
3,117
177,4
22,130
94,6
135,7
80,71
176,45
121,109
52,9
112,60
79,112
98,125
82,117
15,127
142,168
189,14
101,130
73,68
59,170
147,17
188,55
45,6
12,58
31,71
17,173
86,7
191,60
3,9
94,127
168,76
154,178
47,15
33,117
107,66
162,2
181,15
79,4
24,68
98,17
65,69
82,9
109,112
68,74
101,22
147,138
100,63
45,127
158,4
58,66
3,130
89,133
75,6
116,7
61,71
80,84
107,187
33,9
74,10
19,74
93,23
184,178
63,117
10,25
82,130
142,181
109,4
21,120
54,68
40,133
114,82
67,7
12,71
31,84
158,125
89,25
28,15
47,28
162,15
148,80
181,28
146,7
5,31
46,69
65,82
10,146
63,9
104,10
49,74
109,125
68,87
40,25
7,77
81,26
26,90
39,29
58,79
158,17
89,146
70,133
42,71
61,84
88,187
74,23
19,87
60,88
93,36
32,26
192,15
63,130
16,18
35,31
21,133
95,82
40,146
114,95
34,72
153,23
37,77
111,26
171,77
9,15
69,29
93,157
5,44
46,82
104,23
49,87
90,88
62,26
7,90
81,39
26,103
34,193
122,40
172,157
180,18
39,42
70,146
23,34
9,136
138,21
102,98
41,88
5,165
13,26
99,29
32,39
159,80
16,31
35,44
76,45
117,83
2,96
150,31
92,26
37,90
111,39
23,155
152,40
9,28
69,42
8,32
27,45
11,37
71,88
145,37
76,166
29,91
62,39
103,40
153,157
20,42
106,45
185,109
4,34
64,48
83,98
50,150
96,37
27,166
99,42
38,32
57,45
2,109
76,58
29,212
117,96
15,48
175,37
106,166
59,91
4,155
78,104
23,168
92,39
133,40
97,117
18,53
50,42
96,158
55,120
8,45
94,48
27,58
154,99
30,63
112,102
43,2
84,40
29,104
48,117
87,45
1,5
6,120
45,48
205,37
105,99
3,51
8,166
168,118
80,5
85,120
38,45
98,59
73,2
18,66
4,168
78,117
119,118
31,5
36,120
110,69
75,48
168,10
33,51
126,13
10,67
15,182
202,8
18,187
86,62
119,10
89,67
22,77
108,117
94,182
61,5
80,18
66,120
19,8
79,59
198,10
98,72
43,136
63,51
142,115
101,77
95,3
40,67
114,16
45,182
12,5
31,18
17,120
72,19
58,121
149,10
116,62
80,139
52,77
148,14
46,3
65,16
10,80
49,8
109,59
68,21
128,72
67,62
31,139
70,67
58,13
89,80
42,5
61,18
28,70
47,83
88,121
107,134
19,21
146,62
5,86
137,13
82,77
178,14
109,180
21,67
95,16
40,80
114,29
213,8
72,32
58,134
61,139
14,27
88,13
129,14
148,27
93,91
74,78
151,32
49,21
35,86
68,34
109,72
150,73
114,150
26,37
67,75
12,139
172,91
158,193
70,80
9,70
28,83
102,32
14,148
47,96
41,22
60,35
5,99
65,150
44,27
159,14
104,78
178,27
109,193
197,40
68,155
21,80
117,17
81,94
26,158
34,19
120,22
20,84
139,35
39,97
56,37
138,76
42,139
14,40
129,27
74,91
113,19
44,148
32,94
71,22
16,86
90,35
35,99
150,86
95,150
7,37
34,140
111,94
56,158
9,83
83,32
124,33
41,35
27,100
60,48
25,27
44,40
159,27
30,105
104,91
90,156
164,105
117,30
7,158
39,110
125,150
4,89
23,102
96,92
55,54
113,32
25,148
154,33
71,35
16,99
48,51
120,156
6,54
37,158
105,33
96,213
8,100
27,113
187,102
25,40
11,105
85,54
71,156
43,57
103,108
134,212
87,100
1,60
4,102
78,51
119,52
64,116
36,54
110,3
22,119
96,105
55,67
38,100
112,49
10,1
29,51
15,116
73,57
18,121
147,6
119,173
31,60
22,11
108,51
8,113
173,180
66,54
52,119
181,4
85,67
98,6
43,70
101,11
1,73
40,1
100,52
45,116
205,105
193,14
17,54
58,55
3,119
177,6
91,3
94,8
135,9
80,73
61,60
181,125
52,11
10,14
170,3
82,119
54,57
128,6
73,70
18,134
155,109
114,71
12,60
86,9
31,73
3,11
89,14
75,116
47,17
33,119
121,3
88,55
107,68
181,17
79,6
170,124
82,11
68,76
128,127
21,1
188,178
40,14
26,79
12,181
67,117
58,68
42,60
116,9
61,73
135,22
80,86
33,11
19,76
93,25
79,127
32,15
109,6
150,7
54,70
114,84
141,187
67,9
12,73
86,22
172,25
70,14
89,27
9,4
28,17
47,30
88,68
74,133
148,82
93,146
146,9
5,33
46,71
206,23
65,84
63,11
49,76
68,89
109,127
21,14
62,15
7,79
26,92
172,146
180,7
39,31
125,71
89,148
42,73
116,22
28,138
102,87
74,25
19,89
60,90
13,15
32,28
192,17
104,133
35,33
40,148
169,33
26,213
153,25
213,76
72,100
92,15
37,79
111,28
9,17
28,30
69,31
14,95
27,34
146,22
46,84
187,23
192,138
30,39
49,89
104,25
145,26
62,28
7,92
122,42
20,31
39,44
4,23
23,36
9,138
83,87
102,100
96,26
25,82
99,31
44,95
159,82
118,44
16,33
2,98
7,213
134,25
34,87
39,165
92,28
37,92
23,157
152,42
50,31
69,44
110,45
14,108
55,109
8,34
11,39
30,52
71,90
145,39
84,29
103,42
134,146
87,34
20,44
6,109
37,213
4,36
23,49
105,88
96,39
8,155
55,1
27,168
187,157
25,95
99,44
44,108
140,45
85,109
30,173
76,60
117,98
43,112
120,103
6,1
4,157
18,55
23,170
133,42
17,96
91,45
36,109
110,58
50,44
99,165
11,52
52,53
167,40
126,2
57,168
131,117
43,4
84,42
170,45
115,109
103,55
1,7
106,60
3,53
77,2
22,66
8,168
163,42
27,181
80,7
121,45
11,173
66,109
79,48
43,125
82,53
15,63
156,2
101,66
1,128
73,4
18,68
4,170
119,120
31,7
17,109
91,58
22,187
94,63
80,128
107,2
52,66
126,15
24,4
65,5
10,69
189,71
68,10
109,48
45,63
12,115
31,128
58,2
3,66
89,69
77,15
168,133
61,7
121,58
52,187
19,10
63,53
137,2
82,66
156,15
101,79
183,118
54,4
95,5
40,69
114,18
12,7
3,187
75,63
61,128
88,2
107,15
74,67
93,80
79,182
46,5
65,18
10,82
82,187
49,10
68,23
114,139
7,13
26,26
12,128
86,77
70,69
144,18
130,120
89,82
42,7
28,72
102,21
33,187
107,136
19,23
5,88
109,182
21,69
7,134
40,82
81,83
155,69
34,8
58,136
37,13
56,26
42,128
28,193
14,29
74,80
113,8
13,70
46,18
32,83
151,34
63,187
49,23
35,88
150,75
169,88
155,190
7,26
26,39
67,77
125,18
37,134
70,82
111,83
185,32
9,72
83,21
14,150
143,35
88,136
148,150
60,37
187,78
44,29
104,80
2,32
117,19
62,83
81,96
34,21
139,37
39,99
37,26
23,91
9,193
97,40
102,155
14,42
113,21
13,83
44,150
32,96
173,35
16,88
90,37
76,102
29,27
48,40
139,158
92,83
111,96
23,212
185,45
124,35
27,102
187,91
132,155
25,29
44,42
2,45
117,32
29,148
103,97
120,37
106,102
39,112
59,27
4,91
78,40
23,104
96,94
25,150
154,35
71,37
2,166
29,40
15,105
48,53
18,110
4,212
105,35
210,51
110,113
108,40
8,102
27,115
168,54
113,155
25,42
71,158
184,35
43,59
87,102
18,2
4,104
45,105
119,54
105,156
205,94
59,40
78,53
110,5
22,121
121,100
80,62
43,180
10,3
15,118
142,159
73,59
147,8
31,62
89,3
22,13
75,105
168,67
11,120
52,121
181,6
107,57
98,8
43,72
84,110
10,124
101,13
142,51
73,180
40,3
45,118
119,67
58,57
3,121
163,110
22,134
61,62
135,11
121,113
52,13
93,14
79,116
43,193
10,16
170,5
82,121
54,59
73,72
114,73
169,9
12,62
86,11
31,75
172,14
58,178
70,3
89,16
204,3
28,6
47,19
162,6
107,70
52,134
5,22
46,60
65,73
79,8
82,13
68,78
109,116
21,3
40,16
155,3
81,17
158,8
58,70
3,134
70,124
42,62
116,11
102,76
47,140
74,14
146,119
93,27
32,17
63,121
51,30
82,134
137,70
35,22
109,8
150,9
169,22
95,73
114,86
67,11
12,75
153,14
172,27
72,89
70,16
111,17
9,6
28,19
14,84
33,134
47,32
88,70
93,148
148,84
146,11
5,35
46,73
151,89
104,14
49,78
123,27
68,91
21,16
62,17
81,30
26,94
172,148
180,9
39,33
89,150
23,25
9,127
42,75
157,25
74,27
160,30
5,156
13,17
44,84
32,30
159,71
68,212
16,22
35,35
76,36
150,22
62,138
95,86
134,14
34,76
153,27
92,17
111,30
97,95
9,19
69,33
14,97
74,148
27,36
113,76
104,27
35,156
62,30
7,94
103,31
180,22
6,98
106,36
92,138
4,25
9,140
83,89
124,90
96,28
27,157
60,105
25,84
13,30
44,97
159,84
16,35
57,36
2,100
76,49
117,87
34,89
139,105
92,30
4,146
37,94
152,44
97,108
133,31
78,95
36,98
8,36
27,49
71,92
30,54
90,105
16,156
84,31
29,95
103,44
87,36
106,49
45,39
105,90
124,103
163,31
22,55
108,95
8,157
27,170
55,3
66,98
71,213
57,49
2,113
117,100
103,165
15,52
101,55
87,157
1,117
18,57
4,159
78,108
119,109
133,44
17,98
110,60
8,49
11,54
52,55
126,4
167,42
43,6
84,44
29,108
15,173
1,9
87,49
18,178
45,52
31,117
105,103
3,55
163,44
22,68
108,108
8,170
77,4
80,9
126,125
98,63
103,178
82,55
156,4
101,68
73,6
155,45
114,7
45,173
100,109
59,108
31,9
58,112
91,60
75,52
61,117
190,2
33,55
107,4
52,68
179,109
24,6
65,7
10,71
170,60
114,128
26,15
12,117
141,2
70,58
3,68
58,4
89,71
130,109
144,7
135,187
61,9
80,22
121,60
79,63
65,128
63,55
82,68
68,133
21,58
95,7
40,71
26,136
86,187
12,9
72,23
58,125
177,76
56,15
42,117
88,4
33,68
74,69
19,133
93,82
46,7
10,84
151,23
68,25
109,63
7,15
26,28
12,130
125,7
70,71
89,84
42,9
83,10
102,23
47,87
19,25
5,90
63,68
104,69
49,133
68,146
21,71
7,136
136,21
34,10
139,26
39,88
72,36
37,15
56,28
171,15
14,31
74,82
19,146
146,187
113,10
13,72
132,23
151,36
49,25
16,77
35,90
150,77
7,28
208,18
153,82
37,136
9,74
83,23
28,87
69,88
102,36
60,39
5,103
187,80
25,18
44,31
104,82
49,146
2,34
48,150
34,23
139,39
37,28
78,29
97,42
138,80
143,158
14,44
55,45
96,83
113,23
25,139
99,88
173,37
71,26
16,90
2,155
35,103
136,155
48,42
6,45
166,34
78,150
152,99
111,98
124,37
14,165
108,29
41,39
8,91
27,104
25,31
11,96
85,45
30,109
84,86
29,150
203,37
117,34
43,48
122,112
120,39
166,155
59,29
78,42
97,55
124,158
17,32
36,45
55,58
108,150
8,212
44,165
38,91
71,39
112,40
2,168
76,117
29,42
115,45
73,48
6,58
18,112
59,150
152,112
105,37
91,102
210,53
110,115
22,2
8,104
108,42
27,117
66,45
11,109
24,48
184,37
170,102
103,112
189,115
101,2
142,40
106,117
18,4
59,42
105,158
64,120
17,45
3,110
36,58
121,102
52,2
10,5
15,120
189,7
54,48
18,125
147,10
12,51
3,2
89,5
168,69
47,8
66,58
33,110
107,59
98,10
65,62
82,2
109,105
183,54
68,67
101,15
73,182
40,5
45,120
86,121
58,59
163,112
22,136
204,113
42,51
80,77
33,2
74,3
19,67
93,16
126,193
10,18
63,110
101,136
155,113
86,13
31,77
213,54
70,5
89,18
116,121
135,134
28,8
47,21
162,8
52,136
148,73
10,139
63,2
49,67
68,80
109,118
21,5
7,70
40,18
26,83
81,19
86,134
125,62
58,72
116,13
157,14
61,77
107,193
146,121
13,6
32,19
16,11
150,11
40,139
114,88
67,13
172,29
72,91
37,70
70,18
56,83
9,8
28,21
69,22
14,86
88,72
5,37
187,14
49,80
62,19
7,83
81,32
26,96
67,134
20,22
39,35
23,27
138,14
47,155
88,193
96,17
146,134
5,158
13,19
99,22
44,86
35,37
21,139
2,89
62,140
34,78
153,29
39,156
92,19
37,83
111,32
23,148
152,33
56,96
9,21
50,22
69,35
14,99
55,100
74,150
8,25
113,78
187,27
145,30
35,158
62,32
29,84
153,150
6,100
4,27
23,40
138,27
83,91
69,156
96,30
41,94
27,159
25,86
99,35
44,99
2,102
76,51
117,89
120,94
92,32
4,148
133,33
78,97
59,84
50,35
91,36
36,100
110,49
55,113
27,51
154,92
99,156
16,158
186,44
84,33
29,97
6,113
4,40
105,92
50,156
124,105
110,170
163,33
22,57
108,97
8,159
127,110
121,36
66,100
57,51
98,52
43,116
122,180
15,54
18,59
78,110
17,100
91,49
36,113
110,62
22,178
168,3
154,105
80,119
52,57
167,44
126,6
43,8
10,60
115,113
101,178
87,51
1,11
73,116
18,180
193,181
45,54
119,3
31,119
105,105
91,170
3,57
77,6
22,70
80,11
52,178
181,63
19,1
79,52
24,116
63,44
82,57
101,70
40,60
114,9
73,8
31,11
17,113
3,178
135,68
107,6
52,70
93,71
65,9
10,73
82,178
68,14
109,52
54,116
40,181
114,130
202,14
26,17
12,119
86,68
172,71
72,133
67,55
58,6
70,60
89,73
204,60
144,9
61,11
47,76
107,127
19,14
5,79
46,117
137,6
82,70
109,173
21,60
95,9
40,73
114,22
26,138
12,11
58,127
56,17
42,119
116,68
190,17
171,4
88,6
74,71
93,84
46,9
65,22
32,74
51,87
151,25
49,14
68,27
35,79
7,17
26,30
141,17
67,68
172,84
153,71
125,9
70,73
144,22
9,63
42,11
28,76
102,25
47,89
129,128
162,76
41,15
146,68
5,92
159,7
104,71
68,148
21,73
95,22
7,138
136,23
39,90
37,17
97,31
83,133
138,69
212,18
14,33
74,84
148,33
5,213
13,74
32,87
192,76
71,15
16,79
35,92
7,30
134,71
48,31
34,133
180,187
6,34
37,138
166,23
9,76
83,25
124,26
69,90
28,89
41,28
113,133
187,82
44,33
30,98
35,213
2,36
169,213
62,87
136,36
81,100
117,23
34,25
120,28
39,103
4,82
37,30
23,95
78,31
83,146
97,44
212,31
36,34
113,25
13,87
173,39
118,103
71,28
16,92
2,157
136,157
29,31
48,44
34,146
105,26
50,90
124,39
69,103
110,104
55,168
108,31
113,146
25,33
66,34
11,98
2,49
84,88
117,36
6,168
59,31
4,95
78,44
119,45
23,108
64,109
17,34
22,112
55,60
96,98
66,155
2,170
76,119
29,44
15,109
188,37
105,39
17,155
91,104
36,168
110,117
210,55
22,4
108,44
149,45
94,109
173,173
52,112
43,63
29,165
115,168
101,4
6,181
59,44
100,45
45,109
193,7
58,48
3,112
22,125
61,53
135,2
80,66
176,40
52,4
93,5
112,55
82,112
115,60
1,187
73,63
12,53
86,2
31,66
17,168
91,117
177,120
77,182
3,4
89,7
75,109
130,45
168,71
47,10
88,48
33,112
181,10
52,125
24,63
165,2
10,128
115,181
156,182
82,4
68,69
128,120
40,7
26,72
31,187
3,125
89,128
77,74
116,2
61,66
135,15
121,117
107,182
33,4
19,69
93,18
79,120
98,133
32,8
51,21
82,125
54,63
21,115
40,128
114,77
67,2
12,66
86,15
72,80
58,182
70,7
204,7
171,59
61,187
135,136
28,10
47,23
33,125
146,2
5,26
63,4
104,5
49,69
109,120
68,82
169,134
21,7
62,8
7,72
81,21
12,187
70,128
116,15
102,80
88,182
74,18
19,82
60,83
13,8
32,21
63,125
16,13
35,26
21,128
95,77
7,193
169,26
150,13
34,67
153,18
172,31
92,8
37,72
111,21
42,187
9,10
28,23
14,88
148,88
146,15
5,39
113,67
187,16
51,155
104,18
49,82
90,83
16,134
150,134
62,21
81,34
48,86
153,139
122,35
39,37
37,193
23,29
83,80
96,19
41,83
60,96
25,75
13,21
44,88
104,139
16,26
2,91
76,40
122,156
34,80
39,158
92,21
78,86
23,150
152,35
69,37
196,78
96,140
55,102
201,193
8,27
27,40
113,80
32,155
11,32
30,45
71,83
145,32
2,212
84,22
29,86
103,35
87,27
6,102
4,29
23,42
124,94
69,158
108,86
96,32
8,148
99,37
30,166
57,40
2,104
43,105
76,53
103,156
20,158
18,48
4,150
59,86
97,112
50,37
17,89
36,102
110,51
55,115
182,156
8,40
27,53
99,158
11,45
167,33
112,97
30,58
71,96
84,35
29,99
115,102
87,40
73,105
188,92
6,115
207,105
105,94
163,35
22,59
168,113
66,102
126,116
38,40
98,54
43,118
84,156
1,121
161,110
119,113
17,102
91,51
36,115
163,156
22,180
168,5
80,121
195,108
52,59
10,62
68,3
54,105
18,182
12,108
119,5
31,121
3,59
89,62
22,72
149,113
80,13
121,51
107,116
52,180
19,3
82,59
1,134
114,11
100,113
31,13
72,14
58,116
3,180
22,193
42,108
190,6
80,134
33,59
107,8
52,72
148,9
65,11
151,14
51,76
82,180
49,3
109,54
54,118
68,16
169,68
7,6
26,19
12,121
86,70
31,134
70,62
58,8
102,14
47,78
33,180
88,116
181,78
60,17
63,59
104,60
178,9
21,62
95,11
40,75
81,76
26,140
34,1
53,14
72,27
125,119
37,6
42,121
116,70
61,134
171,6
14,22
88,8
74,73
148,22
46,11
132,14
32,76
63,180
51,89
82,193
49,16
150,68
7,19
26,32
67,70
153,73
70,75
37,127
111,76
83,14
28,78
102,27
47,91
129,130
143,28
41,17
146,70
5,94
60,30
187,71
44,22
159,9
104,73
197,35
2,25
21,75
81,89
34,14
53,27
139,30
39,92
37,19
23,84
56,32
102,148
47,212
14,35
55,36
113,14
13,76
132,27
32,89
71,17
90,30
35,94
76,95
117,133
39,213
6,36
37,140
92,76
111,89
9,78
83,27
124,28
69,92
14,156
27,95
132,148
25,22
44,35
159,22
30,100
71,138
117,25
62,89
120,30
39,105
6,157
4,84
78,33
23,97
83,148
69,213
55,49
96,87
113,27
13,89
44,156
71,30
16,94
112,31
2,159
76,108
29,33
115,36
15,98
6,49
18,103
92,89
105,28
69,105
210,44
36,157
108,33
8,95
27,108
25,35
66,36
11,100
30,113
131,165
84,90
43,52
103,103
122,116
1,55
161,44
6,170
59,33
4,97
45,98
17,36
36,49
163,90
80,55
99,105
112,44
98,109
43,173
115,49
54,39
73,52
18,116
31,55
17,157
36,170
110,119
22,6
8,108
168,60
66,49
11,113
126,63
10,117
189,119
142,44
101,6
128,109
119,60
17,49
77,63
22,127
61,55
135,4
80,68
52,6
93,7
19,58
79,109
10,9
101,127
54,52
40,117
114,66
169,2
12,55
86,4
172,7
17,170
91,119
158,109
72,69
31,68
89,9
135,125
107,63
179,168
5,15
165,4
65,66
10,130
170,119
49,58
82,6
109,109
68,71
114,187
40,9
100,60
58,63
70,117
116,4
61,68
135,17
47,133
102,69
74,7
19,71
5,136
32,10
137,63
82,127
35,15
21,117
150,2
40,130
114,79
169,15
95,66
67,4
12,68
153,7
72,82
70,9
111,10
88,63
47,25
146,4
5,28
65,79
104,7
49,71
68,84
35,136
95,187
21,9
62,10
7,74
81,23
26,87
67,125
39,26
185,80
9,120
42,68
28,133
83,69
47,146
102,82
41,72
146,125
13,10
44,77
32,23
51,36
104,128
16,15
35,28
150,15
21,130
136,80
134,7
34,69
53,82
125,187
92,10
37,74
111,23
97,88
69,26
14,90
27,29
187,18
113,69
30,34
16,136
71,72
62,23
7,87
48,88
34,190
122,37
20,26
180,15
39,39
4,18
23,31
9,133
28,146
124,83
96,21
127,88
27,150
60,98
13,23
44,90
118,39
30,155
16,28
76,42
117,80
34,82
175,21
139,98
92,23
37,87
78,88
152,37
4,139
50,26
36,91
69,39
110,40
55,104
8,29
27,42
113,82
187,31
154,83
11,34
90,98
131,99
29,88
103,37
87,29
106,42
6,104
152,158
4,31
23,44
64,45
105,83
124,96
143,109
22,48
8,150
96,34
108,88
66,91
11,155
99,39
30,168
57,42
76,55
15,45
161,99
59,88
133,37
23,165
119,102
17,91
91,40
55,117
96,155
8,42
94,45
173,109
52,48
84,37
170,40
15,166
1,2
87,42
105,96
17,212
3,48
163,37
168,115
80,2
121,40
11,168
38,42
84,158
43,120
82,48
15,58
18,63
45,166
31,2
17,104
91,53
58,105
163,158
22,182
75,45
94,58
168,7
135,59
33,48
112,112
68,5
114,121
26,8
12,110
45,58
77,10
135,180
61,2
88,105
80,15
47,67
52,182
19,5
198,7
65,121
63,48
156,10
21,51
114,13
12,2
3,182
42,110
116,59
190,8
74,62
148,11
107,10
65,13
10,77
82,182
49,5
68,18
95,121
114,134
26,21
67,59
86,72
213,113
42,2
83,3
28,67
47,80
19,18
60,19
46,121
5,83
65,134
146,59
123,75
95,13
40,77
136,14
86,193
34,3
180,57
144,134
37,8
116,72
93,88
113,3
46,13
32,78
63,182
49,18
16,70
35,83
150,70
7,21
48,22
70,77
111,78
185,27
166,14
9,67
28,80
41,19
60,32
5,96
46,134
25,11
159,11
49,139
2,27
117,14
62,78
136,27
81,91
26,155
34,16
139,32
125,134
39,94
37,21
78,22
23,86
97,35
157,86
102,150
14,37
96,76
196,14
13,78
32,91
173,30
71,19
16,83
90,32
35,96
76,97
2,148
29,22
122,213
48,35
92,78
166,27
111,91
56,155
185,40
9,80
105,17
124,30
69,94
14,158
55,159
108,22
8,84
41,32
27,97
187,86
32,212
44,37
11,89
30,102
2,40
117,27
62,91
48,156
120,32
6,159
59,22
4,86
78,35
23,99
17,25
55,51
96,89
44,158
71,32
112,33
76,110
62,212
29,35
15,100
18,105
6,51
78,156
105,30
36,159
110,108
108,35
8,97
27,110
168,49
11,102
184,30
43,54
29,156
103,105
106,110
59,35
4,99
45,100
100,36
3,103
36,51
22,116
163,92
108,156
182,105
77,52
80,57
15,113
101,116
73,54
59,156
147,3
133,105
119,170
18,118
12,44
31,57
110,121
22,8
80,178
66,51
107,52
52,116
65,55
10,119
98,3
84,105
68,60
1,70
101,8
100,49
45,113
119,62
58,52
3,116
89,119
163,105
42,44
61,57
135,6
80,70
19,60
93,9
10,11
82,116
95,55
40,119
169,4
114,68
12,57
86,6
31,70
172,9
58,173
89,11
75,113
61,178
28,1
195,178
47,14
33,116
88,52
181,14
5,17
165,6
65,68
49,60
68,73
128,124
169,125
7,63
40,11
26,76
141,63
158,3
70,119
204,119
116,6
157,7
74,9
19,73
93,22
5,138
63,116
51,25
211,14
35,17
150,4
21,119
169,17
81,133
34,58
153,9
67,6
72,84
37,63
70,11
56,76
42,178
9,1
28,14
14,79
47,27
146,6
5,30
187,7
32,133
46,68
51,146
104,9
49,73
90,74
109,124
150,125
164,23
35,138
7,76
26,89
180,4
39,28
125,68
138,7
102,84
47,148
96,10
60,87
32,25
44,79
118,28
16,17
35,30
117,69
76,31
136,82
150,17
134,9
34,71
153,22
37,76
111,25
97,90
9,14
50,15
69,28
14,92
27,31
13,133
113,71
32,146
132,84
30,36
197,213
90,87
145,23
150,138
62,25
29,77
48,90
122,39
134,130
103,26
20,28
180,17
106,31
111,146
23,33
83,84
14,213
148,213
96,23
201,76
44,92
30,157
16,30
57,31
2,95
76,44
62,146
15,34
175,23
194,36
18,39
92,25
78,90
152,39
59,77
97,103
110,42
196,82
8,31
27,44
13,146
113,84
44,213
11,36
30,49
71,87
186,37
145,36
84,26
29,90
103,39
15,155
87,31
106,44
92,146
4,33
45,34
163,26
108,90
182,39
168,104
121,29
25,92
11,157
30,170
186,158
57,44
98,45
43,109
122,173
18,52
59,90
45,155
133,39
91,42
110,55
96,157
8,44
25,213
11,49
167,37
43,1
84,39
170,42
15,168
87,44
128,45
73,109
18,173
1,4
31,112
64,60
105,98
163,39
22,63
108,103
8,165
204,40
168,117
80,4
121,42
11,170
167,158
79,45
98,58
101,63
40,53
114,2
155,40
45,168
119,117
31,4
158,45
61,112
94,60
80,125
52,63
65,2
10,66
156,120
109,45
54,109
68,7
202,7
188,109
128,58
26,10
193,187
12,112
31,125
67,48
70,53
3,63
89,66
75,168
144,2
61,4
47,69
19,7
79,58
5,72
10,187
82,63
68,128
21,53
95,2
40,66
114,15
100,117
86,182
12,4
53,5
72,18
58,120
89,187
56,10
42,112
61,125
190,10
14,13
148,13
93,77
46,2
65,15
32,67
51,80
49,7
35,72
183,7
109,58
40,187
26,23
12,125
141,10
86,74
125,2
70,66
144,15
42,4
28,69
47,82
148,134
41,8
60,21
44,13
49,128
150,180
169,193
21,66
95,15
136,16
81,80
67,182
62,67
34,5
180,59
39,83
70,187
37,10
56,23
42,125
157,75
14,26
201,118
113,5
132,18
32,80
151,31
71,8
21,187
7,23
153,77
6,27
92,67
125,15
9,69
28,82
69,83
129,134
27,86
60,34
25,13
44,26
159,13
30,91
145,78
104,77
2,29
62,80
34,18
139,34
39,96
37,23
4,75
23,88
9,190
138,75
97,37
36,27
96,78
55,40
113,18
13,80
25,134
173,32
71,21
2,150
76,99
48,37
34,139
6,40
92,80
166,29
105,19
50,83
124,32
69,96
143,45
8,86
27,99
25,26
66,27
11,91
30,104
2,42
87,86
120,34
106,99
4,88
78,37
105,140
17,27
36,40
22,105
96,91
127,158
55,53
154,32
11,212
173,45
112,35
76,112
29,37
115,40
15,102
78,158
105,32
17,148
96,212
108,37
8,99
94,102
168,51
66,40
11,104
52,105
167,92
84,94
29,158
189,110
142,35
59,37
45,102
119,51
17,40
3,105
22,118
108,158
176,33
80,59
167,213
82,105
15,115
1,180
18,120
59,158
114,57
31,59
47,3
33,105
107,54
52,118
10,121
68,62
109,100
45,115
86,116
141,52
31,180
58,54
61,59
135,8
80,72
19,62
93,11
65,178
10,13
63,105
51,14
21,108
169,6
40,121
114,70
12,59
86,8
72,73
89,13
75,115
80,193
28,3
47,16
33,118
148,68
5,19
65,70
10,134
49,62
109,113
40,13
81,14
26,78
12,180
67,116
31,193
39,17
70,121
199,6
89,134
125,57
42,59
116,8
83,60
102,73
157,9
74,11
160,14
60,76
5,140
13,1
32,14
51,27
16,6
35,19
21,121
95,70
40,134
150,6
34,60
72,86
39,138
56,78
9,3
28,16
69,17
146,8
5,32
187,9
113,60
46,70
104,11
16,127
90,76
35,140
49,75
62,14
7,78
81,27
122,28
26,91
20,17
39,30
23,22
9,124
83,73
138,9
160,27
60,89
25,68
13,14
32,27
118,30
159,68
99,17
35,32
2,84
76,33
26,212
34,73
120,76
92,14
37,78
111,27
152,28
78,79
9,16
50,17
69,30
14,94
55,95
96,133
27,33
187,22
113,73
32,148
11,25
71,76
29,79
6,95
4,22
23,35
64,36
108,79
96,25
99,30
11,146
44,94
2,97
117,84
62,148
15,36
59,79
23,156
97,105
50,30
91,31
36,95
110,44
55,108
96,146
8,33
154,87
30,51
71,89
167,26
84,28
29,92
15,157
189,44
87,33
6,108
78,213
4,35
45,36
105,87
64,49
210,103
22,52
121,31
66,95
140,44
11,159
24,98
15,49
101,52
18,54
4,156
45,157
17,95
91,44
36,108
22,173
108,213
75,36
94,49
33,39
112,103
10,55
170,44
15,170
1,6
59,213
45,49
110,178
3,52
89,55
80,6
66,108
121,44
107,109
52,173
98,60
43,124
63,39
82,52
40,55
114,4
155,42
45,170
31,6
72,7
58,109
3,173
75,49
33,52
148,2
19,117
93,66
65,4
10,68
151,7
51,69
137,109
192,45
82,173
68,9
128,60
202,9
114,125
86,63
31,127
70,55
89,68
61,6
102,7
88,109
33,173
47,71
181,71
93,187
28,58
19,9
60,10
5,74
79,60
46,112
63,52
49,117
109,168
169,182
21,55
95,4
40,68
114,17
26,133
116,63
61,127
135,76
102,128
14,15
129,2
74,66
148,15
46,4
32,69
63,173
49,9
90,10
35,74
26,25
67,63
125,4
70,68
9,58
83,7
28,71
14,136
47,84
146,63
5,87
132,128
44,15
159,2
49,130
109,181
21,68
62,69
7,133
136,18
26,146
81,82
34,7
120,10
139,23
23,77
56,25
97,26
14,28
55,29
201,120
113,7
13,69
32,82
44,136
104,187
71,10
90,23
35,87
76,88
29,13
48,26
34,128
6,29
37,133
111,82
92,69
171,133
166,18
9,71
50,72
124,21
41,23
27,88
187,77
25,15
44,28
159,15
145,80
2,31
62,82
7,146
103,83
120,23
139,36
6,150
39,98
59,13
4,77
78,26
23,90
97,39
36,29
196,18
55,42
96,80
13,82
118,98
71,23
29,26
15,91
139,157
6,42
37,146
133,83
18,96
92,82
105,21
124,34
69,98
36,150
110,99
210,37
108,26
8,88
168,40
25,28
66,29
24,32
184,21
43,45
84,83
103,96
122,109
87,88
161,37
59,26
4,90
45,91
78,39
119,40
17,29
36,42
163,83
182,96
66,150
38,88
112,37
198,40
2,165
43,166
98,102
115,42
15,104
54,32
73,45
18,109
152,109
193,110
31,48
17,150
105,34
110,112
108,39
75,91
66,42
24,45
10,110
84,96
43,58
142,37
73,166
100,40
45,104
119,53
105,155
17,42
22,120
61,48
176,35
181,113
79,102
10,2
101,120
1,182
54,45
40,110
114,59
188,45
12,48
89,2
75,104
94,117
80,182
47,5
5,8
49,51
109,102
183,51
114,180
40,2
26,67
67,105
31,182
70,110
3,120
42,48
168,187
135,10
121,112
32,3
35,8
21,110
95,59
169,8
155,110
177,128
70,2
89,15
61,182
28,5
47,18
33,120
74,121
148,70
5,21
65,72
109,115
68,77
150,116
21,2
62,3
7,67
81,16
26,80
12,182
114,193
172,134
141,67
39,19
125,59
9,113
83,62
47,139
74,13
60,78
13,3
32,16
63,120
16,8
35,21
150,8
34,62
39,140
92,3
37,67
111,16
56,80
42,182
9,5
28,18
69,19
14,83
74,134
27,22
132,75
30,27
145,14
90,78
7,80
81,29
153,134
20,19
39,32
125,72
185,86
4,11
28,139
124,76
96,14
201,67
60,91
13,16
44,83
118,32
104,134
159,70
16,21
57,22
2,86
76,35
117,73
81,150
34,75
194,27
125,193
37,80
152,30
97,94
69,32
14,96
55,97
110,33
8,22
27,35
113,75
11,27
30,40
71,78
145,27
76,156
84,17
103,30
134,134
87,22
106,35
6,97
23,37
105,76
124,89
163,17
96,27
182,30
127,94
27,156
99,32
11,148
44,96
38,22
57,35
2,99
43,100
76,48
117,86
175,27
106,156
133,30
78,94
23,158
193,44
17,84
91,33
36,97
50,32
96,148
55,110
8,35
11,40
167,28
131,105
84,30
29,94
15,159
87,35
73,100
6,110
105,89
64,51
163,30
22,54
8,156
108,94
168,108
121,33
66,97
71,212
79,36
24,100
98,49
43,113
203,102
15,51
142,92
1,116
161,105
59,94
45,159
174,44
17,97
36,110
94,51
80,116
126,3
112,105
10,57
109,36
54,100
73,113
45,51
86,52
31,116
191,105
12,103
3,54
77,3
204,44
135,173
47,60
80,8
79,49
98,62
10,178
189,180
82,54
68,119
109,157
21,44
114,6
155,44
72,9
89,178
75,51
116,52
61,116
33,54
107,3
148,4
93,68
19,119
65,6
10,70
151,9
109,49
68,11
40,178
169,63
114,127
7,1
26,14
12,116
67,52
171,109
28,60
102,9
47,73
162,60
148,125
19,11
146,52
5,76
65,127
192,168
63,54
104,55
49,119
109,170
183,119
21,57
95,6
40,70
136,7
39,74
72,22
37,1
56,14
42,116
14,17
74,68
148,17
60,133
13,58
46,6
32,71
151,22
51,84
49,11
16,63
35,76
21,178
150,63
169,76
7,14
48,15
34,117
153,68
213,119
125,6
166,7
111,71
9,60
83,9
28,73
102,22
14,138
69,74
60,25
5,89
132,130
25,4
44,17
159,4
104,68
90,133
164,82
117,7
62,71
81,84
26,148
34,9
39,87
37,14
78,15
23,79
9,181
14,30
55,31
129,17
196,7
60,146
96,69
41,133
113,9
44,138
32,84
16,76
90,25
35,89
76,90
150,76
29,15
134,68
34,130
194,82
6,31
92,71
9,73
105,10
124,23
69,87
143,36
108,15
8,77
27,90
25,17
11,82
44,30
30,95
145,82
71,133
2,33
62,84
203,23
120,25
20,87
106,90
161,26
59,15
4,79
78,28
23,92
17,18
36,31
55,44
96,82
154,23
173,36
159,138
71,25
57,90
76,103
29,28
115,31
139,159
73,34
6,44
18,98
92,84
23,213
105,23
124,36
91,88
108,28
27,103
168,42
173,157
66,31
11,95
30,108
71,146
126,45
24,34
184,23
142,26
87,90
161,39
6,165
59,28
4,92
100,29
124,157
17,31
3,96
36,44
22,109
77,45
121,88
154,36
38,90
43,168
115,44
156,45
101,109
54,34
133,98
4,213
36,165
22,1
168,55
66,44
107,45
52,109
184,36
10,112
84,98
87,103
100,42
58,45
3,109
89,112
42,37
80,63
93,2
98,117
43,181
10,4
63,96
82,109
137,45
95,48
40,112
31,63
17,165
172,2
213,40
89,4
176,158
47,7
33,109
88,45
148,59
181,7
167,109
107,58
5,10
10,125
49,53
109,104
68,66
54,168
128,117
114,182
40,4
81,5
26,69
89,125
28,115
61,63
47,128
74,2
19,66
79,117
32,5
63,109
68,187
35,10
21,112
40,125
114,74
26,190
153,2
172,15
72,77
70,4
135,133
28,7
14,72
19,187
5,23
104,2
49,66
109,117
68,79
95,182
21,4
62,5
7,69
26,82
39,21
23,13
9,115
28,128
102,77
14,193
148,193
74,15
160,18
60,80
13,5
44,72
32,18
49,187
16,10
35,23
21,125
150,10
7,190
117,62
134,2
153,15
92,5
37,69
111,18
157,134
50,8
69,21
44,193
32,139
173,78
30,29
71,67
90,80
104,15
145,16
62,18
7,82
122,32
20,21
180,10
39,34
6,86
185,88
4,13
23,26
9,128
124,78
129,193
96,16
13,18
30,150
16,23
2,88
76,37
62,139
208,193
15,27
120,80
39,155
18,32
4,134
92,18
133,19
97,96
78,83
152,32
36,86
69,34
110,35
55,99
27,37
25,193
154,78
11,29
30,42
71,80
76,158
84,19
29,83
103,32
189,35
122,45
106,37
6,99
4,26
45,27
105,78
124,91
110,156
108,83
96,29
27,158
66,86
11,150
99,34
57,37
84,140
15,40
175,29
18,45
133,32
78,96
152,45
59,83
17,86
91,35
55,112
96,150
75,27
8,37
94,40
140,156
11,42
167,30
84,32
29,96
170,35
87,37
73,102
18,166
45,40
31,105
105,91
91,156
163,32
108,96
8,158
182,45
121,35
43,115
87,158
155,33
119,110
105,212
17,99
58,100
91,48
75,40
61,105
94,53
135,54
195,105
10,59
128,51
114,116
26,3
12,105
89,59
47,62
88,100
10,180
68,121
197,6
109,159
40,59
114,8
72,11
58,113
42,105
148,6
93,70
19,121
32,60
65,8
109,51
68,13
150,52
40,180
7,3
67,54
12,118
86,67
26,16
141,3
185,9
9,49
28,62
102,11
47,75
41,1
60,14
5,78
46,116
10,193
178,6
49,121
68,134
21,59
62,60
136,9
7,124
139,14
39,76
125,116
89,193
37,3
42,118
171,3
83,119
157,68
14,19
74,70
19,134
148,19
13,60
132,11
32,73
51,86
71,1
90,14
35,78
21,180
40,193
169,78
7,16
48,17
34,119
153,70
180,173
92,60
166,9
125,8
37,124
185,22
9,62
83,11
28,75
69,76
14,140
129,127
41,14
27,79
60,27
146,67
25,6
44,19
159,6
30,84
49,134
104,70
2,22
117,9
62,73
136,22
81,86
34,11
120,14
139,27
92,181
39,89
4,68
37,16
78,17
97,30
212,17
138,68
143,146
14,32
55,33
196,9
96,71
60,148
5,212
113,11
13,73
99,76
44,140
173,25
71,14
16,78
90,27
76,92
29,17
48,30
6,33
111,86
50,76
124,25
69,89
110,90
108,17
8,79
27,92
25,19
11,84
30,97
145,84
35,212
2,35
43,36
84,74
117,22
120,27
20,89
59,17
78,30
23,94
105,133
119,31
124,146
36,33
96,84
27,213
2,156
76,105
43,157
29,30
15,95
73,36
18,100
105,25
91,90
110,103
108,30
8,92
149,31
168,44
94,95
66,33
11,97
52,98
71,148
24,36
84,87
142,28
106,105
73,157
59,30
100,31
45,95
119,44
105,146
17,33
3,98
182,100
80,52
184,146
43,170
82,98
15,108
87,213
18,113
12,39
31,52
130,31
149,44
94,108
135,109
88,34
126,60
101,3
68,55
100,44
45,108
86,109
31,173
77,60
163,100
42,39
61,52
19,55
179,44
93,4
98,119
10,6
63,98
51,7
54,49
114,63
12,52
172,4
89,6
171,45
116,109
130,44
47,9
107,60
65,63
49,55
54,170
7,58
40,6
26,71
12,173
67,109
81,7
172,125
39,10
42,52
28,117
157,2
47,130
74,4
201,45
60,69
93,17
146,109
5,133
19,68
32,7
104,112
137,60
40,127
81,128
34,53
153,4
172,17
158,119
70,6
37,58
111,7
102,187
28,9
69,10
14,74
160,128
5,25
46,63
32,128
104,4
49,68
90,69
35,133
164,18
62,7
7,71
26,84
153,125
53,187
39,23
70,127
125,63
23,15
9,117
138,2
28,130
96,5
41,69
60,82
5,146
13,7
99,10
44,74
118,23
35,25
76,26
2,77
134,4
34,66
153,17
139,82
92,7
37,71
152,21
9,9
50,10
69,23
14,87
55,88
8,13
27,26
187,15
13,128
11,18
30,31
71,69
90,82
35,146
164,31
29,72
103,21
134,125
34,187
106,26
6,88
185,90
4,15
23,28
9,130
105,67
124,80
138,15
96,18
41,82
113,187
99,23
44,87
57,26
2,90
76,39
203,80
15,29
120,82
18,34
4,136
133,21
152,34
50,23
36,88
110,37
96,139
8,26
94,29
27,39
154,80
11,31
30,44
71,82
84,21
103,34
15,150
189,37
87,26
106,39
59,193
18,155
4,28
45,29
205,18
105,80
191,83
110,158
3,32
163,21
22,45
25,87
66,88
140,37
57,39
98,40
43,104
184,80
24,91
189,158
15,42
101,45
45,150
174,35
17,88
91,37
22,166
75,29
94,42
33,32
52,45
167,32
112,96
186,45
84,34
170,37
87,39
54,91
18,168
45,42
91,158
210,109
3,45
89,48
22,58
149,99
163,34
75,150
204,35
168,112
121,37
107,102
79,40
43,117
63,32
82,45
101,58
40,48
119,112
158,40
58,102
3,166
75,42
33,45
19,110
93,59
167,45
51,62
82,166
68,2
109,40
73,117
169,54
26,5
72,121
70,48
28,51
88,102
33,166
93,180
126,128
19,2
5,67
46,105
10,182
63,45
49,110
82,58
21,48
114,10
100,112
58,115
89,182
56,5
102,121
135,69
14,8
148,8
32,62
49,2
90,3
35,67
109,53
40,182
7,5
26,18
12,120
153,59
135,190
9,51
102,13
47,77
5,80
206,70
44,8
104,59
136,11
26,139
172,193
180,54
39,78
70,182
37,5
23,70
42,120
83,121
212,6
102,134
14,21
13,62
132,13
173,14
118,78
32,75
123,193
71,3
16,67
35,80
21,182
150,67
34,121
6,22
83,13
124,14
69,78
143,27
113,121
25,8
44,21
159,8
30,86
117,11
7,139
103,76
122,89
120,16
20,78
39,91
59,6
4,70
23,83
97,32
36,22
55,35
96,73
113,13
154,14
173,27
118,91
71,16
16,80
76,94
29,19
15,84
34,134
48,32
139,150
39,212
6,35
133,76
37,139
92,75
105,14
50,78
124,27
69,91
110,92
55,156
27,94
113,134
187,83
25,21
66,22
11,86
85,35
30,99
90,150
2,37
184,14
29,140
203,27
122,102
142,17
161,30
6,156
59,19
4,83
45,84
78,32
119,33
17,22
110,213
36,35
163,76
22,100
55,48
96,86
108,140
154,27
2,158
43,159
115,35
15,97
18,102
105,27
36,156
110,105
108,32
8,94
94,97
75,84
154,148
66,35
11,99
52,100
186,100
184,27
84,89
43,51
142,30
202,44
45,97
105,148
50,212
91,213
17,35
58,36
22,113
176,28
80,54
66,156
121,92
140,105
79,95
98,108
137,36
73,51
114,52
31,54
17,156
91,105
58,157
88,36
33,100
107,49
5,1
65,52
10,116
109,95
183,44
114,173
26,60
58,49
3,113
89,116
70,103
77,62
61,54
47,119
121,105
19,57
79,108
63,100
51,9
82,113
68,178
35,1
21,103
40,116
26,181
12,54
86,3
213,44
72,68
89,8
56,60
47,11
33,113
88,49
148,63
93,127
19,178
5,14
49,57
123,6
68,70
150,109
109,108
183,57
7,60
81,9
26,73
70,116
116,3
28,119
102,68
74,6
32,9
63,113
51,22
49,178
16,1
183,178
35,14
21,116
62,117
7,181
169,14
81,130
34,55
153,6
172,19
39,133
180,109
37,60
111,9
171,60
28,11
14,76
27,15
13,117
187,4
146,3
132,68
104,6
49,70
145,7
62,9
7,73
81,22
122,23
39,25
37,181
92,117
23,17
9,119
83,68
69,133
96,7
201,60
60,84
160,22
5,148
25,63
13,9
44,76
118,25
16,14
57,15
2,79
76,28
62,130
134,6
175,7
34,68
20,133
39,146
92,9
37,73
111,22
23,138
152,23
69,25
14,89
110,26
96,128
55,90
8,15
27,28
187,17
113,68
173,82
30,33
90,84
35,148
84,10
103,23
48,87
87,15
20,25
106,28
6,90
4,17
23,30
105,69
205,7
124,82
69,146
22,34
8,136
108,74
182,23
25,76
44,89
140,26
38,15
57,28
2,92
122,157
15,31
18,36
4,138
78,87
133,23
105,190
59,74
97,100
152,36
17,77
91,26
36,90
110,39
55,103
8,28
94,31
99,146
11,33
52,34
71,84
84,23
170,26
103,36
29,87
189,39
6,103
18,157
147,42
45,31
64,44
105,82
3,34
163,23
108,87
182,36
121,26
66,90
140,39
38,28
79,29
98,42
82,34
15,44
18,49
100,88
59,87
17,90
91,39
36,103
3,155
22,168
75,31
94,44
135,45
80,109
33,34
167,34
170,39
156,104
101,168
109,29
18,170
133,157
45,44
86,45
31,109
12,96
163,36
204,37
121,39
66,103
33,155
47,53
52,168
79,42
165,45
63,34
101,60
109,150
68,112
21,37
155,37
45,165
72,2
3,168
22,181
204,158
75,44
116,45
61,109
42,96
74,48
19,112
10,63
63,155
82,168
151,2
68,4
109,42
128,55
155,158
26,7
12,109
67,45
89,63
28,53
102,2
88,104
47,66
107,117
148,118
33,168
19,4
146,45
5,69
60,5
65,120
49,112
68,125
7,115
40,63
26,128
141,115
72,15
58,117
56,7
42,109
190,7
157,59
47,187
14,10
19,125
93,74
13,51
132,2
151,15
51,77
137,117
49,4
90,5
35,69
114,133
34,110
67,58
70,63
37,115
56,128
185,13
9,53
83,2
102,15
88,117
74,182
41,5
60,18
5,82
187,59
44,10
49,125
2,13
7,128
81,77
122,78
34,2
20,67
139,18
39,80
37,7
97,21
28,187
14,23
96,62
201,115
187,180
113,2
32,77
104,182
71,5
16,69
90,18
2,134
35,82
117,121
76,83
136,134
29,8
48,21
53,136
37,128
111,77
23,193
171,128
185,26
157,193
105,3
9,66
124,16
69,80
108,8
8,70
41,18
27,83
132,136
25,10
44,23
159,10
30,88
2,26
117,13
62,77
122,91
161,19
59,8
4,72
78,21
9,187
97,34
55,37
187,193
71,18
76,96
29,21
15,86
6,37
4,193
18,91
105,16
50,80
124,29
110,94
55,158
196,134
108,21
8,83
94,86
27,96
168,35
11,88
24,27
43,40
84,78
87,83
106,96
18,212
6,158
59,21
45,86
119,35
36,37
22,102
38,83
112,32
115,37
15,99
101,102
54,27
73,40
18,104
91,94
36,158
177,97
210,45
75,86
168,48
66,37
52,102
167,89
24,40
10,105
84,91
115,158
43,53
142,32
54,148
100,35
45,99
86,100
105,150
17,37
3,102
77,51
22,115
66,158
179,35
79,97
63,89
82,102
54,40
40,105
114,54
17,158
130,35
75,99
33,102
93,116
5,3
65,54
68,59
26,62
172,116
70,105
58,51
130,156
135,5
47,121
19,59
93,8
146,100
5,124
63,102
51,11
82,115
123,116
35,3
21,105
169,3
155,105
172,8
158,110
72,70
102,178
47,13
88,51
74,116
19,180
5,16
132,57
32,119
49,59
109,110
68,72
164,9
169,124
7,62
81,11
26,75
67,113
153,116
20,1
39,14
125,54
185,68
23,6
9,108
157,6
102,70
47,134
28,121
60,73
132,178
32,11
118,14
104,116
49,180
16,3
183,180
35,16
76,17
62,119
21,118
150,3
34,57
153,8
139,73
37,62
97,76
69,14
14,78
201,170
27,17
187,6
13,119
30,22
104,8
71,60
90,73
145,9
62,11
7,75
48,76
122,25
34,178
20,14
106,17
6,79
39,27
180,3
4,6
23,19
9,121
83,70
28,134
124,71
96,9
60,86
13,11
99,14
44,78
118,27
71,181
57,17
76,30
117,68
134,8
34,70
194,22
39,148
18,25
92,11
4,127
23,140
37,75
78,76
152,25
50,14
69,27
110,28
96,130
36,79
55,92
8,17
27,30
154,71
113,70
11,22
30,35
71,73
90,86
145,22
29,76
103,25
87,17
6,92
152,146
4,19
205,9
105,71
124,84
69,148
55,213
22,36
96,22
108,76
8,138
25,78
66,79
99,27
30,156
38,17
57,30
2,94
84,133
98,31
103,146
15,33
101,36
87,138
6,213
59,76
4,140
78,89
133,25
119,90
17,79
91,28
22,157
55,105
8,30
11,35
52,36
167,23
186,36
84,25
170,28
29,89
115,92
87,30
147,44
45,33
31,98
105,84
210,100
3,36
22,49
108,89
121,28
11,156
181,42
52,157
38,30
79,31
98,44
84,146
82,36
101,49
40,39
155,26
59,89
100,90
119,103
17,92
158,31
3,157
177,44
22,170
75,33
61,98
33,36
52,49
10,52
115,105
82,157
109,31
128,44
73,108
114,109
67,34
12,98
193,173
17,213
70,39
3,49
89,52
135,168
80,3
33,157
47,55
52,170
126,119
79,44
65,109
63,36
82,49
21,39
40,52
155,39
26,117
100,103
72,4
158,44
3,170
42,98
93,63
32,53
151,4
63,157
82,170
68,6
109,44
95,109
40,173
150,45
26,9
86,60
177,178
70,52
56,117
130,103
9,42
28,55
102,4
47,68
33,170
107,119
19,6
60,7
5,71
46,109
63,49
21,52
7,117
81,66
26,130
67,168
136,2
139,7
39,69
125,109
72,17
204,173
56,9
74,63
146,168
32,66
63,170
151,17
16,58
90,7
35,71
21,173
48,10
34,112
153,63
39,190
92,53
37,117
166,2
185,15
9,55
83,4
28,68
14,133
143,18
129,120
148,133
41,7
146,60
5,84
113,112
32,187
104,63
49,127
2,15
117,2
7,130
81,79
122,80
34,4
120,7
39,82
37,9
78,10
23,74
97,23
14,25
55,26
187,182
113,4
154,5
13,66
44,133
118,82
173,18
71,7
16,71
62,187
29,10
48,23
34,125
120,128
6,26
37,130
166,15
152,80
92,66
105,5
124,18
69,82
14,146
110,83
129,133
108,10
113,125
13,187
44,25
11,77
30,90
85,26
71,128
2,28
43,29
117,15
84,67
103,80
184,5
87,72
92,187
59,10
4,74
78,23
23,87
97,36
17,13
36,26
196,15
55,39
8,193
96,77
182,80
25,133
154,18
44,146
38,72
112,21
43,150
76,98
29,23
115,26
15,88
6,39
133,80
105,18
17,134
91,83
110,96
108,23
27,98
168,37
154,139
66,26
11,90
30,103
167,78
126,40
184,18
43,42
84,80
1,45
161,34
73,150
59,23
45,88
119,37
105,139
17,26
3,91
36,39
22,104
163,80
168,158
176,19
80,45
121,83
112,34
79,86
115,39
73,42
188,29
119,158
12,32
31,45
3,212
33,91
66,39
52,104
107,40
24,42
68,48
109,86
54,150
1,58
128,99
183,35
100,37
86,102
31,166
58,40
22,117
42,32
121,96
33,212
80,58
19,48
63,91
82,104
142,155
101,117
54,42
100,158
12,45
31,58
213,35
61,166
47,2
88,40
33,104
52,117
148,54
107,53
5,5
10,120
49,48
109,99
128,112
169,113
7,51
67,102
39,3
58,53
42,45
28,110
61,58
102,59
93,10
60,62
104,105
68,182
35,5
40,120
81,121
37,51
102,180
28,2
69,3
14,67
88,53
148,67
19,182
5,18
32,121
90,62
150,113
81,13
122,14
26,77
39,16
70,120
23,8
9,110
83,59
102,72
47,136
201,51
5,139
99,3
44,67
32,13
49,182
16,5
2,70
35,18
62,121
76,19
34,59
153,10
111,13
152,14
97,78
9,2
14,80
8,6
27,19
13,121
113,59
32,134
187,8
71,62
35,139
76,140
62,13
103,14
34,180
122,27
53,193
111,134
4,8
23,21
138,8
83,72
124,73
96,11
182,14
27,140
25,67
44,80
2,83
76,32
62,134
117,70
15,22
139,88
39,150
18,27
92,13
133,14
152,27
91,17
110,30
55,94
8,19
94,22
27,32
13,134
154,73
30,37
71,75
112,76
84,14
29,78
103,27
106,32
6,94
18,148
92,134
4,21
45,22
105,73
124,86
69,150
163,14
108,78
8,140
182,27
168,92
25,80
30,158
186,146
38,19
57,32
98,33
15,35
59,78
18,40
78,91
91,30
36,94
22,159
182,148
75,22
94,35
154,86
80,100
33,25
167,25
84,27
170,30
15,156
87,32
54,84
73,97
119,213
45,35
86,36
31,100
105,86
163,27
22,51
108,91
94,156
168,105
121,30
66,94
11,158
107,95
167,146
43,110
84,148
63,25
101,51
155,28
45,156
119,105
17,94
158,33
58,95
3,159
75,35
116,36
61,100
80,113
52,51
19,103
93,52
10,54
109,33
73,110
67,36
12,100
86,49
31,113
89,54
135,170
47,57
33,159
107,108
162,44
146,36
5,60
46,98
49,103
82,51
68,116
40,54
114,3
26,119
58,108
42,100
135,62
14,1
74,52
19,116
32,55
151,6
51,68
65,3
192,44
35,60
68,8
169,60
26,11
12,113
67,49
70,54
111,55
185,4
9,44
28,57
102,6
47,70
60,9
5,73
44,1
104,52
49,116
35,181
150,168
21,54
7,119
81,68
136,4
153,173
139,9
39,71
9,165
42,113
14,14
41,117
13,55
132,6
32,68
159,109
151,19
16,60
90,9
35,73
150,60
7,11
6,15
37,119
111,68
185,17
97,133
9,57
83,6
124,7
69,71
50,58
41,9
27,74
60,22
132,127
25,1
44,14
71,117
30,79
150,181
2,17
117,4
62,68
203,7
136,17
122,82
34,6
120,9
139,22
39,84
4,63
37,11
23,76
9,178
97,25
157,76
124,128
36,15
96,66
55,28
113,6
13,68
154,7
145,187
71,9
16,73
90,22
76,87
117,125
48,25
120,130
6,28
92,68
133,69
152,82
105,7
50,71
69,84
143,33
96,187
210,23
8,74
27,87
187,76
25,14
66,15
11,79
30,92
186,80
2,30
43,31
84,69
29,133
103,82
184,7
1,34
161,23
4,76
78,25
119,26
105,128
23,89
17,15
36,28
196,17
96,79
108,133
182,82
66,136
30,213
112,23
184,128
29,25
15,90
73,31
188,18
18,95
78,146
31,34
17,136
191,23
210,36
110,98
108,25
8,87
94,90
168,39
11,92
24,31
43,44
29,146
84,82
59,25
100,26
45,90
119,39
64,103
17,28
58,29
163,82
108,146
61,34
11,213
112,36
79,88
43,165
15,103
73,44
114,45
18,108
59,146
12,34
58,150
75,90
61,155
168,52
107,42
112,157
24,44
65,45
10,109
109,88
183,37
26,53
45,103
12,155
31,168
100,39
58,42
89,109
42,34
121,98
47,112
88,150
80,60
162,99
65,166
51,2
54,44
21,96
40,109
95,45
114,58
155,96
53,48
130,39
42,155
135,117
88,42
47,4
107,55
5,7
46,45
65,58
68,63
150,102
7,53
81,2
26,66
12,168
86,117
213,158
39,5
70,109
125,45
83,48
28,112
47,125
19,63
160,2
5,128
32,2
51,15
137,55
35,7
21,109
95,58
169,7
26,187
34,48
125,166
37,53
111,2
42,168
116,117
102,182
28,4
69,5
14,69
148,69
93,133
206,10
16,115
49,63
35,128
150,115
62,2
7,66
81,15
39,18
23,10
9,112
28,125
102,74
14,190
160,15
60,77
146,117
13,2
99,5
44,69
118,18
104,120
16,7
57,8
2,72
76,21
7,187
81,136
39,139
185,193
37,66
78,67
111,15
97,80
92,2
152,16
69,18
14,82
96,121
55,83
160,136
110,19
27,21
187,10
44,190
11,13
30,26
16,128
90,77
164,26
84,3
29,67
103,16
34,182
87,8
20,18
106,21
6,83
37,187
4,10
9,125
105,62
124,75
69,139
96,13
25,69
99,18
44,82
11,134
76,34
117,72
122,150
175,13
18,29
78,80
152,29
17,70
91,19
36,83
110,32
55,96
96,134
50,18
8,21
154,75
11,26
71,77
167,14
186,27
117,193
76,155
29,80
175,134
87,21
73,86
6,96
18,150
106,34
152,150
207,86
147,35
105,75
64,37
196,193
3,27
22,40
108,80
27,155
66,83
79,22
98,35
43,99
82,27
15,37
101,40
142,78
18,42
59,80
133,29
17,83
91,32
3,148
36,96
94,37
80,102
33,27
52,40
186,40
15,158
109,22
54,86
207,99
45,37
12,89
31,102
3,40
163,29
22,53
94,158
121,32
66,96
107,97
126,110
79,35
65,100
84,150
63,27
82,40
68,105
202,105
155,30
45,158
58,97
163,150
42,89
75,37
61,102
33,40
19,105
93,54
79,156
63,148
51,57
109,35
114,113
12,102
86,51
31,115
72,116
47,59
46,100
5,62
63,40
49,105
109,156
169,170
7,108
114,5
26,121
144,113
42,102
47,180
14,3
19,118
148,3
35,62
81,178
26,13
67,51
34,103
153,54
172,67
37,108
185,6
28,59
102,8
47,72
14,124
143,9
60,11
146,51
5,75
32,178
44,3
104,54
150,170
2,6
7,121
136,6
26,134
81,70
139,11
39,73
125,113
97,14
83,116
28,180
47,193
14,16
55,17
96,55
32,70
173,9
44,124
90,11
35,75
62,178
29,1
48,14
34,116
180,170
6,17
37,121
166,6
56,134
9,59
50,60
124,9
69,73
83,8
143,22
27,76
113,116
13,178
25,3
44,16
71,119
2,19
117,6
62,70
203,9
6,138
39,86
78,14
23,78
9,180
97,27
124,130
36,17
55,30
96,68
154,9
173,22
71,11
2,140
76,89
29,14
15,79
48,27
6,30
188,7
18,84
92,70
152,84
105,9
124,22
69,86
110,87
108,14
8,76
127,27
27,89
168,28
66,17
30,94
184,9
43,33
115,138
103,84
1,36
87,76
59,14
4,78
45,79
78,27
119,28
36,30
163,71
22,95
80,36
154,22
98,90
115,30
15,92
73,33
18,97
78,148
64,213
31,36
17,138
105,22
91,87
110,100
108,27
66,30
11,94
107,31
167,82
126,44
24,33
184,22
15,213
128,90
45,92
17,30
58,31
3,95
163,84
22,108
108,148
77,44
61,36
176,23
121,87
80,49
19,39
79,90
82,95
101,108
40,98
45,213
12,36
31,49
177,103
75,92
61,157
88,31
33,95
107,44
52,108
93,109
49,39
68,52
109,90
128,103
26,55
141,42
12,157
31,170
70,98
3,108
58,44
75,213
42,36
61,49
176,36
19,52
5,117
79,103
51,4
137,44
82,108
21,98
114,60
12,49
72,63
171,42
42,157
135,119
14,58
47,6
33,108
88,44
129,45
74,109
5,9
65,60
32,112
151,63
156,178
49,52
109,103
150,104
35,117
164,2
7,55
81,4
26,68
12,170
153,109
141,55
39,7
42,49
5,130
32,4
44,58
104,109
49,173
159,45
63,108
35,9
95,60
39,128
37,55
56,68
42,170
69,7
14,71
148,71
27,10
32,125
30,15
145,2
16,117
35,130
150,117
62,4
7,68
103,5
122,18
48,69
134,109
139,187
20,7
106,10
6,72
111,125
83,63
69,128
96,2
13,4
99,7
44,71
25,58
16,9
57,10
2,74
76,23
62,125
34,63
194,15
92,4
4,120
37,68
152,18
78,69
23,133
97,82
50,7
36,72
110,21
8,10
27,23
13,125
113,63
11,15
30,28
16,130
71,66
145,15
84,5
29,69
103,18
122,31
87,10
106,23
92,125
124,77
22,29
96,15
108,69
66,72
11,136
71,187
38,10
57,23
2,87
43,88
15,26
18,31
4,133
78,82
23,146
133,18
152,31
59,69
17,72
91,21
110,34
22,150
96,136
75,13
8,23
94,26
154,77
11,28
52,29
112,80
84,18
29,82
170,21
189,34
87,23
73,88
147,37
45,26
31,91
17,193
191,80
105,77
110,155
3,29
163,18
22,42
108,82
182,31
121,21
140,34
52,150
181,35
24,88
98,37
189,155
82,29
15,39
101,42
142,80
147,158
18,44
100,83
59,82
193,45
58,86
3,150
91,34
75,26
61,91
176,78
80,104
94,39
135,40
33,29
52,42
98,158
10,45
82,150
115,98
156,99
54,88
128,37
18,165
114,102
67,27
12,91
31,104
3,42
89,45
168,109
88,86
33,150
47,48
121,34
162,35
79,37
65,102
10,166
63,29
189,168
82,42
21,32
40,45
155,32
12,212
141,97
158,37
42,91
80,117
162,156
33,42
10,58
63,150
109,37
95,102
169,51
26,2
12,104
67,40
86,53
70,45
89,58
28,48
107,112
148,113
146,40
63,42
109,158
68,120
21,45
7,110
40,58
141,110
39,62
72,10
56,2
42,104
47,182
14,5
148,5
60,121
32,59
151,10
16,51
21,166
150,51
7,2
48,3
34,105
139,121
37,110
9,48
69,62
102,10
113,105
187,54
5,77
44,5
49,120
90,121
2,8
62,59
136,8
81,72
139,13
39,75
125,115
37,2
78,3
23,67
97,16
28,182
157,67
14,18
96,57
60,134
25,113
13,59
32,72
159,113
173,11
35,77
117,116
76,78
29,3
34,118
139,134
6,19
166,8
92,59
152,73
124,11
14,139
96,178
108,3
27,78
32,193
25,5
11,70
44,18
30,83
71,121
200,6
2,21
43,22
203,11
117,8
6,140
59,3
4,67
78,16
23,80
9,182
105,119
17,6
36,19
96,70
41,134
55,32
154,11
44,139
71,13
112,14
57,78
76,91
62,193
29,16
115,19
73,22
6,32
18,86
133,73
152,86
105,11
91,76
110,89
108,16
8,78
127,29
27,91
168,30
66,19
11,83
30,96
71,134
167,71
76,212
24,22
43,35
84,73
103,86
142,14
87,78
161,27
4,80
100,17
119,30
17,19
3,84
36,32
22,97
163,73
27,212
121,76
66,140
112,27
43,156
115,32
15,94
101,97
54,22
73,35
18,99
100,138
12,25
17,140
91,89
110,102
130,17
214,159
66,32
107,33
24,35
65,36
10,100
170,89
142,27
87,91
73,156
147,105
100,30
45,94
58,33
3,97
89,100
22,110
163,86
42,25
176,25
80,51
121,89
98,105
63,84
82,97
54,35
95,36
40,100
114,49
31,51
72,52
213,28
177,105
52,110
46,36
65,49
10,113
109,92
68,54
128,105
54,156
114,170
7,44
26,57
12,159
125,36
70,100
89,113
61,51
28,103
47,116
19,54
5,119
79,105
65,170
63,97
51,6
82,110
109,213
21,100
95,49
40,113
114,62
26,178
34,39
172,3
37,44
171,44
14,60
148,60
93,124
5,11
46,49
49,54
35,119
169,119
7,57
81,6
26,70
67,108
39,9
185,63
23,1
9,103
83,52
28,116
14,181
160,6
60,68
146,108
32,6
44,60
35,11
2,63
21,113
7,178
81,127
34,52
39,130
37,57
111,6
152,7
69,9
14,73
55,74
113,52
44,181
159,168
32,127
30,17
145,4
90,68
71,55
150,119
76,133
16,119
29,58
62,6
103,7
34,173
20,9
39,22
6,74
111,127
166,63
4,1
37,178
23,14
9,116
171,178
50,117
185,76
96,4
182,7
201,57
27,133
99,9
44,73
118,22
2,76
117,63
76,25
103,128
175,4
194,17
180,119
92,6
133,7
97,84
124,187
50,9
91,10
36,74
110,23
96,125
55,87
27,25
25,181
209,2
159,181
11,17
71,68
145,17
186,18
76,146
84,7
29,71
15,136
48,84
6,87
4,14
45,15
105,66
163,7
22,31
8,133
27,146
121,10
66,74
11,138
25,73
57,25
98,26
43,90
15,28
101,31
87,133
175,17
18,33
59,71
45,136
78,84
105,187
17,74
91,23
36,87
77,88
110,36
75,15
11,30
52,31
38,133
167,18
10,34
170,23
87,25
128,26
73,90
147,39
45,28
105,79
119,71
110,157
3,31
22,44
8,146
108,84
121,23
66,87
107,88
181,37
79,26
98,39
10,155
82,31
101,44
87,146
40,34
119,98
17,87
58,88
158,26
177,39
75,28
135,42
181,158
33,31
52,44
167,31
170,36
109,26
54,90
128,39
40,155
114,104
73,103
169,40
86,42
191,95
91,157
70,34
3,44
93,166
5,53
46,91
79,39
10,168
170,157
63,31
49,96
82,44
68,109
21,34
155,34
26,112
67,150
100,98
158,39
70,155
116,42
33,44
74,45
19,109
93,58
32,48
35,53
109,39
150,40
169,53
40,168
114,117
21,155
26,4
67,42
56,112
89,60
9,37
47,63
60,2
5,66
146,42
65,117
104,45
49,109
183,109
62,48
7,112
26,125
139,2
180,40
70,168
204,168
56,4
9,158
14,7
148,7
5,187
90,2
35,66
21,168
95,117
7,4
134,45
48,5
6,8
37,112
92,48
171,112
28,63
14,128
143,13
27,67
60,15
132,120
32,182
44,7
30,72
145,59
178,7
35,187
71,110
2,10
169,187
7,125
136,10
122,75
120,2
139,15
39,77
37,4
78,5
23,69
97,18
124,121
36,8
55,21
96,59
25,115
44,128
118,77
178,128
71,2
16,66
90,15
76,80
29,5
48,18
34,120
6,21
37,125
166,10
23,190
152,75
124,13
69,77
196,118
110,78
96,180
108,5
8,67
27,80
13,182
25,7
66,8
11,72
2,23
84,62
194,193
1,27
120,15
106,80
59,5
4,69
78,18
23,82
105,121
64,83
124,134
119,19
17,8
36,21
196,10
22,86
55,34
96,72
163,62
154,13
11,193
173,26
145,193
57,80
29,18
15,83
18,88
31,27
105,13
91,78
50,77
110,91
55,155
108,18
8,80
94,83
168,32
66,21
52,86
126,35
43,37
29,139
170,78
175,193
87,80
1,40
6,155
59,18
100,19
45,83
119,32
105,134
17,21
110,212
3,86
58,22
22,99
163,75
108,139
61,27
80,40
121,78
43,158
82,86
15,96
156,35
115,34
73,37
12,27
31,40
36,155
75,83
94,96
168,45
88,22
107,35
52,99
24,37
10,102
170,91
189,104
183,30
128,94
73,158
100,32
45,96
12,148
91,212
58,35
3,99
77,48
204,89
89,102
42,27
61,40
47,105
121,91
107,156
79,94
24,158
63,86
101,112
54,37
21,89
40,102
114,51
12,40
58,156
130,32
42,148
135,110
88,35
33,99
74,100
107,48
10,115
109,94
54,158
26,59
67,97
70,102
42,40
28,105
47,118
88,156
162,105
148,170
60,57
5,121
51,8
21,102
95,51
40,115
81,116
26,180
39,119
14,62
148,62
46,51
132,54
32,116
5,13
16,108
35,121
164,6
7,59
48,60
81,8
122,9
39,11
70,115
111,116
23,3
9,105
28,118
102,67
60,70
5,134
146,110
25,49
44,62
35,13
76,14
117,52
7,180
62,116
26,193
122,130
34,54
180,108
37,59
78,60
152,9
111,8
23,124
69,11
14,75
55,76
8,1
27,14
13,116
132,67
11,6
30,19
145,6
90,70
35,134
131,71
29,60
103,9
48,73
122,22
120,178
106,14
6,76
37,180
92,116
4,3
23,16
105,55
9,118
50,119
124,68
96,6
108,60
182,9
25,62
11,127
44,75
30,140
38,1
57,14
2,78
76,27
103,130
15,17
175,6
18,22
59,60
133,9
152,22
97,86
78,73
4,124
17,63
36,76
110,25
96,127
55,89
8,14
94,17
154,68
11,19
30,32
71,70
167,7
76,148
84,9
29,73
103,22
15,138
87,14
106,27
6,89
4,16
45,17
105,68
91,133
110,146
163,9
22,33
108,73
182,22
27,148
66,76
140,25
38,14
57,27
43,92
15,30
142,71
18,35
59,73
45,138
119,87
133,22
17,76
91,25
177,28
77,90
36,89
75,17
94,30
121,133
52,33
186,33
43,213
10,36
170,25
109,15
73,92
18,156
45,30
86,31
31,95
91,146
3,33
89,36
163,22
75,138
121,25
66,89
107,90
162,26
10,157
170,146
82,33
87,148
73,213
40,36
155,23
100,87
174,36
158,28
58,90
42,82
116,31
61,95
135,44
121,146
75,30
19,98
10,49
109,28
40,157
169,42
67,31
12,95
86,44
31,108
72,109
70,36
89,49
28,39
88,90
47,52
148,104
93,168
146,31
5,55
165,44
10,170
63,33
49,98
21,36
40,49
155,36
58,103
89,170
204,157
116,44
61,108
102,109
47,173
135,57
93,60
165,165
51,63
137,103
35,55
21,157
150,42
40,170
114,119
26,6
67,44
70,49
9,39
135,178
28,52
14,117
143,2
74,168
146,44
5,68
187,45
60,4
21,49
139,4
39,66
70,170
23,58
56,6
97,7
28,173
157,58
14,9
55,10
74,60
32,63
44,117
16,55
90,4
35,68
21,170
76,69
136,120
48,7
34,109
120,112
39,187
6,10
97,128
9,52
50,53
124,2
14,130
143,15
41,4
27,69
113,109
44,9
30,74
71,112
62,63
7,127
120,4
180,55
39,79
139,17
4,58
78,7
23,71
9,173
138,58
69,187
36,10
55,23
27,190
13,63
154,2
44,130
25,117
173,15
159,117
71,4
16,68
2,133
76,82
131,18
29,7
115,10
15,72
20,187
6,23
18,77
92,63
78,128
105,2
124,15
110,80
96,182
108,7
8,69
27,82
25,9
66,10
11,74
85,23
30,87
71,125
24,13
43,26
29,128
203,15
142,5
87,69
106,82
59,7
4,71
45,72
119,21
50,187
17,10
36,23
22,88
108,128
96,74
25,130
80,29
154,15
38,69
57,82
2,146
115,23
101,88
1,150
54,13
73,26
18,90
133,77
45,193
31,29
105,15
91,80
55,157
8,82
168,34
66,23
11,87
52,88
126,37
186,88
24,26
184,15
43,39
84,77
10,91
170,80
87,82
1,42
161,31
100,21
119,34
31,150
105,136
17,23
3,88
163,77
77,37
61,29
121,80
80,42
19,32
79,83
98,96
82,88
54,26
40,91
73,39
114,40
12,29
31,42
61,150
94,98
107,37
93,102
46,27
65,40
10,104
49,32
68,45
109,83
26,48
12,150
67,86
58,37
204,91
42,29
61,42
107,158
19,45
5,110
165,99
79,96
63,88
21,91
95,40
40,104
114,53
12,42
58,158
56,48
42,150
88,37
74,102
5,2
46,40
32,105
49,45
35,110
21,212
68,58
109,96
183,45
7,48
153,102
86,112
125,40
70,104
89,117
9,94
88,158
47,120
104,102
51,10
35,2
62,105
26,182
39,121
37,48
171,48
74,115
60,180
27,3
13,105
30,8
16,110
150,110
81,10
39,13
92,105
23,5
124,57
69,121
60,72
27,124
159,51
16,2
2,67
76,16
7,182
39,134
4,113
78,62
152,11
69,13
110,14
14,77
196,54
55,78
96,116
8,3
27,16
187,5
11,8
30,21
71,59
145,8
29,62
48,75
87,3
6,78
37,182
4,5
23,18
105,57
124,70
69,134
108,62
96,8
182,11
99,13
140,14
38,3
2,80
76,29
84,119
15,19
175,8
20,134
23,139
105,178
119,76
64,140
91,14
36,78
110,27
55,91
8,16
94,19
154,70
11,21
52,22
167,9
186,22
76,150
84,11
170,14
29,75
189,27
15,140
115,78
106,29
6,91
147,30
45,19
105,70
50,134
64,32
110,148
3,22
163,11
22,35
121,14
66,78
140,27
71,193
126,92
79,17
98,30
43,94
82,22
15,32
101,35
6,212
18,37
45,140
17,78
91,27
22,156
94,32
135,33
176,71
33,22
52,35
167,22
170,27
109,17
73,94
18,158
12,84
45,32
31,97
91,148
36,212
3,35
204,25
168,102
121,27
88,79
162,28
52,156
126,105
107,92
79,30
65,95
63,22
82,35
109,138
68,100
1,110
21,25
100,89
58,92
3,156
89,159
204,146
42,84
75,32
61,97
80,110
121,148
66,212
33,35
74,36
19,100
93,49
198,102
10,51
51,52
82,156
156,105
109,30
21,146
54,94
169,44
114,108
40,159
67,33
12,97
31,110
89,51
47,54
107,105
146,33
5,57
46,95
65,108
51,173
63,35
104,36
68,113
7,103
40,51
26,116
141,103
39,55
88,213
19,113
93,62
5,178
13,39
32,52
63,156
151,3
104,157
16,44
35,57
150,44
95,108
81,173
34,98
172,62
37,103
70,51
111,52
171,103
28,54
69,55
14,119
143,4
102,3
148,119
60,6
5,70
104,49
49,113
35,178
2,1
62,52
7,116
153,170
139,6
39,68
23,60
97,9
157,60
143,125
14,11
201,103
13,52
132,3
44,119
173,4
90,6
35,70
76,71
62,173
131,7
122,187
48,9
92,52
37,116
185,14
138,168
23,181
152,66
9,54
124,4
69,68
143,17
55,133
196,109
129,119
8,58
27,71
132,124
44,11
11,63
30,76
16,178
145,63
2,14
43,15
29,117
103,66
120,6
161,7
6,133
4,60
78,9
23,73
97,22
105,112
55,25
96,63
127,130
25,119
154,4
173,17
71,6
112,7
76,84
29,9
15,74
120,127
73,15
6,25
4,181
18,79
59,117
78,130
105,4
50,68
91,69
36,133
124,17
55,146
110,82
108,9
8,71
27,84
168,23
11,76
30,89
112,128
126,26
24,15
184,4
43,28
29,130
142,7
6,146
59,9
4,73
45,74
119,23
105,125
124,138
3,77
36,25
22,90
108,130
80,31
154,17
140,82
121,69
66,133
57,84
84,187
15,87
101,90
54,15
73,28
18,92
188,15
12,18
17,133
91,82
36,146
110,95
168,36
154,138
195,139
66,25
107,26
52,90
33,77
24,28
65,29
184,17
170,82
87,84
1,44
202,34
18,213
188,136
100,23
45,87
86,88
119,36
58,26
3,90
22,103
42,18
61,31
176,18
80,44
66,146
121,82
19,34
198,36
63,77
82,90
101,103
54,28
114,42
155,80
119,157
12,31
31,44
17,146
72,45
116,88
88,26
107,39
19,155
93,104
65,42
151,45
49,34
67,88
125,29
58,39
42,31
28,96
102,45
47,109
61,44
181,109
5,112
79,98
63,90
137,39
49,155
82,103
68,168
114,55
141,158
34,32
53,45
61,165
14,53
47,1
88,39
148,53
19,168
5,4
132,45
46,42
211,109
90,48
35,112
109,98
26,63
153,104
39,2
9,96
83,45
28,109
201,37
5,125
44,53
49,168
35,4
76,5
81,120
34,45
20,110
23,115
42,165
69,2
14,66
160,120
60,182
27,5
113,45
173,59
206,7
30,10
16,112
71,48
35,125
164,10
34,166
153,117
106,5
39,15
6,67
23,7
9,109
124,59
14,187
148,187
99,2
44,66
118,15
104,117
16,4
57,5
2,69
76,18
15,8
39,136
18,13
4,115
59,51
23,128
138,115
124,180
50,2
69,15
110,16
55,80
36,67
8,5
27,18
113,58
44,187
11,10
30,23
145,10
16,125
2,190
103,13
48,77
122,26
120,182
87,5
106,18
6,80
133,121
152,134
4,7
45,8
105,59
127,77
27,139
173,193
99,15
66,67
71,182
57,18
2,82
84,121
43,83
15,21
18,26
4,128
78,77
152,26
193,27
119,78
124,193
17,67
91,16
36,80
110,29
75,8
8,18
25,187
11,23
10,27
84,13
115,80
87,18
73,83
133,134
45,21
31,86
64,34
105,72
110,150
22,37
8,139
108,77
204,14
121,16
66,80
181,30
79,19
24,83
98,32
84,134
43,96
189,150
101,37
142,75
40,27
155,14
174,27
105,193
17,80
91,29
177,32
22,158
75,21
94,34
61,86
135,35
52,37
79,140
10,40
170,29
101,158
109,19
128,32
114,97
147,45
67,22
12,86
86,35
31,99
91,150
70,27
3,37
89,40
204,27
94,155
107,94
52,158
79,32
165,35
65,97
170,150
82,37
68,102
109,140
21,27
155,27
26,105
141,92
86,156
70,148
3,158
177,45
58,94
204,148
42,86
80,112
33,37
19,102
93,51
82,158
109,32
21,148
150,33
95,97
114,110
67,35
12,99
86,48
70,40
130,91
89,53
9,30
33,158
74,159
146,35
5,59
65,110
63,37
49,102
21,40
7,105
67,156
26,118
39,57
42,99
83,100
74,51
19,115
60,116
5,180
32,54
63,158
118,57
35,59
169,59
34,100
39,178
37,105
157,170
69,57
14,121
129,108
148,121
27,60
60,8
113,100
104,51
49,115
35,180
2,3
62,54
7,118
122,68
139,8
39,70
125,110
4,49
23,62
97,11
36,1
55,14
41,116
96,52
5,193
187,170
44,121
173,6
16,59
57,60
90,8
76,73
48,11
34,113
120,116
6,14
78,119
111,67
152,68
124,6
69,70
14,134
110,71
8,60
27,73
85,14
30,78
71,116
35,193
2,16
43,17
84,55
117,3
103,68
29,119
87,60
120,8
161,9
4,62
78,11
23,75
138,62
50,178
64,76
17,1
36,14
22,79
55,27
108,119
154,6
44,134
140,71
43,138
76,86
29,11
115,14
15,76
73,17
59,119
133,68
105,6
91,71
110,84
55,148
196,124
108,11
94,76
168,25
66,14
11,78
52,79
126,28
112,130
200,14
85,27
24,17
184,6
84,68
43,30
142,9
87,73
1,33
202,23
6,148
59,11
45,76
119,25
105,127
17,14
58,15
3,79
163,68
22,92
168,146
176,7
80,33
121,71
30,212
112,22
98,87
184,127
115,27
15,89
82,79
54,17
73,30
114,31
100,133
18,94
119,146
31,33
91,84
36,148
22,213
75,76
88,15
107,28
52,92
24,30
65,31
10,95
68,36
109,74
142,22
100,25
45,89
86,90
3,92
89,95
204,82
61,33
121,84
47,98
19,36
79,87
98,100
82,92
68,157
101,105
21,82
54,30
40,95
114,44
95,31
12,33
190,39
135,103
88,28
33,92
19,157
46,31
65,44
10,108
82,213
49,36
68,49
109,87
114,165
7,39
26,52
141,39
67,90
70,95
89,108
130,146
42,33
28,98
33,213
19,49
146,90
63,92
49,157
68,170
183,157
202,170
21,95
95,44
40,108
136,45
26,173
81,109
72,60
37,39
14,55
19,170
93,119
148,55
113,34
5,6
13,96
32,109
46,44
49,49
114,178
7,52
34,155
122,2
213,157
39,4
70,108
166,45
111,109
125,44
9,98
69,112
102,60
60,63
5,127
187,104
132,168
32,1
44,55
118,4
49,170
159,42
35,6
76,7
117,45
7,173
136,58
2,58
62,109
139,63
39,125
37,52
23,117
152,2
97,66
69,4
14,68
129,55
27,7
13,109
99,112
90,63
35,127
76,128
103,2
34,168
122,15
20,4
106,7
6,69
92,109
37,173
23,9
64,10
50,112
105,48
69,125
108,53
8,115
41,63
27,128
113,168
182,2
187,117
25,55
44,68
118,17
30,133
57,7
2,71
48,187
15,10
18,15
4,117
133,2
152,15
97,79
23,130
59,53
124,182
50,4
91,5
36,69
110,18
55,82
96,120
94,10
30,25
71,63
84,2
29,66
103,15
115,69
189,18
87,7
6,82
78,187
4,9
45,10
64,23
50,125
110,139
3,13
163,2
22,26
108,66
8,128
113,181
168,80
182,15
66,69
11,133
85,82
30,146
38,7
24,72
98,21
29,187
103,136
15,23
101,26
18,28
4,130
133,15
59,66
105,182
119,80
17,69
91,18
36,82
110,31
108,187
75,10
94,23
80,88
52,26
186,26
198,80
10,29
84,15
170,18
115,82
59,187
147,34
45,23
31,88
17,190
3,26
163,15
22,39
130,67
121,18
66,82
140,31
181,32
167,134
79,21
98,34
10,150
43,98
63,13
82,26
101,39
183,78
40,29
100,80
17,82
58,83
75,23
61,88
135,37
33,26
19,91
93,40
52,39
63,134
10,42
137,83
109,21
73,98
169,35
40,150
12,88
86,37
213,78
70,29
89,42
130,80
135,158
28,32
47,45
88,83
107,96
19,212
162,32
181,45
126,109
5,48
46,86
63,26
82,39
49,91
68,104
128,155
169,156
21,29
40,42
155,29
141,94
158,34
58,96
70,150
42,88
116,37
47,166
74,40
19,104
93,53
192,32
49,212
35,48
109,34
21,150
150,35
114,112
169,48
67,37
153,40
53,102
213,91
70,42
9,32
28,45
14,110
162,45
47,58
88,96
146,37
65,112
104,40
49,104
68,117
109,155
21,42
26,120
67,158
180,35
39,59
23,51
162,166
14,2
74,53
146,158
5,182
44,110
16,48
76,62
95,112
150,48
134,40
34,102
39,180
6,3
56,120
185,5
9,45
69,59
143,8
27,62
113,102
44,2
30,67
71,105
35,182
2,5
7,120
136,5
48,121
139,10
39,72
4,51
9,166
97,13
124,116
36,3
55,16
96,54
25,110
173,8
115,3
34,115
39,193
6,16
18,70
37,120
50,59
124,8
69,72
110,73
8,62
113,115
27,75
168,14
25,2
66,3
11,67
118,193
30,80
16,182
71,118
2,18
43,19
29,121
87,62
1,22
133,178
78,13
119,14
105,116
17,3
36,16
108,121
96,67
154,8
2,139
98,76
15,78
54,6
18,83
133,70
78,134
188,6
59,121
31,22
105,8
91,73
17,124
163,178
110,86
55,150
108,13
8,75
168,27
66,16
11,80
107,17
126,30
24,19
84,70
29,134
43,32
1,35
128,76
100,14
45,78
119,27
17,16
58,17
77,30
22,94
108,134
61,22
176,9
121,73
80,35
179,14
79,76
198,27
98,89
40,84
73,32
59,134
114,33
174,84
12,22
31,35
91,86
130,14
75,78
149,27
88,17
107,30
52,94
93,95
10,97
170,86
115,150
15,212
109,76
100,27
141,28
31,156
70,84
3,94
58,30
144,33
42,22
135,213
61,35
47,100
80,48
179,27
79,89
137,30
82,94
21,84
40,97
45,212
12,35
213,25
158,89
130,27
61,156
135,105
88,30
33,94
148,44
46,33
32,98
68,51
150,90
26,54
67,92
86,105
12,156
125,33
70,97
89,110
116,213
9,87
42,35
28,100
102,49
83,36
19,51
60,52
5,116
165,105
63,94
51,3
178,44
49,159
159,31
21,97
62,98
34,36
42,156
14,57
129,44
148,57
146,213
113,36
13,98
30,1
16,103
90,52
35,116
7,54
81,3
122,4
34,157
39,6
185,60
9,100
28,113
14,178
143,63
146,105
25,44
44,57
118,6
104,108
159,44
145,109
2,60
76,9
34,49
39,127
37,54
78,55
23,119
97,68
152,4
157,119
69,6
14,70
110,7
96,109
55,71
27,9
113,49
44,178
173,63
11,1
30,14
71,52
16,116
76,130
29,55
103,4
48,68
34,170
122,17
20,6
106,9
6,71
23,11
124,63
110,128
129,178
196,168
22,15
108,55
8,117
27,130
182,4
187,119
25,57
99,6
44,70
85,71
71,173
57,9
2,73
76,22
117,60
43,74
87,117
18,17
4,119
78,68
152,17
59,55
138,119
133,4
17,58
50,6
91,7
36,71
55,84
8,9
11,14
52,15
167,2
38,117
186,15
84,4
29,68
170,7
15,133
103,17
115,71
87,9
73,74
6,84
147,23
106,22
105,63
64,25
3,15
163,4
22,28
8,130
108,68
168,82
182,17
121,7
66,71
30,148
38,9
79,10
98,23
84,125
203,76
43,87
82,15
15,25
101,28
18,30
100,69
45,133
119,82
64,146
59,68
17,71
3,136
36,84
94,25
135,26
121,128
80,90
33,15
52,28
167,15
112,79
10,31
115,84
15,146
109,10
128,23
73,87
147,36
45,25
12,77
31,90
3,28
89,31
75,133
47,34
66,84
79,23
98,36
65,88
63,15
82,28
183,80
21,18
40,31
155,18
100,82
45,146
177,36
163,138
42,77
116,26
61,90
135,39
80,103
33,28
179,82
93,42
10,44
51,45
109,23
54,87
128,36
169,37
67,26
12,90
86,39
31,103
70,31
89,44
130,82
75,146
204,31
28,34
162,34
146,26
46,88
10,165
63,28
104,29
169,158
21,31
7,96
40,44
26,109
81,45
155,31
39,48
199,37
58,98
42,90
116,39
28,155
61,103
47,168
74,42
160,45
93,55
13,32
32,45
104,150
16,37
150,37
40,165
134,29
26,1
67,39
153,42
34,91
72,117
70,44
37,96
56,109
111,45
9,34
69,48
14,112
88,98
129,99
146,39
5,63
187,40
32,166
104,42
150,158
62,45
7,109
81,58
34,212
122,59
134,150
208,99
180,37
111,166
97,2
28,168
102,117
14,4
55,5
13,45
44,112
32,58
178,112
35,63
2,115
117,102
62,166
48,2
34,104
39,182
6,5
37,109
92,45
185,7
212,110
50,48
14,125
129,112
8,51
187,53
173,118
44,4
30,69
2,7
29,110
103,59
4,53
78,2
23,66
9,168
83,117
97,15
69,182
36,5
55,18
44,125
173,10
2,128
76,77
136,128
29,2
122,193
15,67
6,18
92,58
18,72
23,187
97,136
59,110
91,62
124,10
110,75
55,139
108,2
127,15
27,77
154,118
99,182
113,117
94,67
66,5
11,69
30,82
24,8
43,21
103,72
189,75
18,193
6,139
59,2
4,66
45,67
100,3
17,5
3,70
36,18
22,83
163,59
25,125
121,62
11,190
154,10
84,180
115,18
15,80
101,83
54,8
73,21
4,187
133,72
193,86
110,88
163,180
75,67
94,80
168,29
66,18
107,19
52,83
126,32
24,21
184,10
10,86
43,34
84,72
142,13
87,77
128,78
183,14
133,193
45,80
119,29
58,19
3,83
89,86
22,96
108,136
77,32
168,150
80,37
19,27
79,78
43,155
84,193
63,70
82,83
101,96
54,21
40,86
114,35
155,73
31,37
17,139
158,78
58,140
163,193
213,14
75,80
80,158
88,19
33,83
107,32
52,96
93,97
19,148
46,22
65,35
10,99
170,88
49,27
68,40
109,78
183,27
169,92
114,156
86,94
31,158
125,22
58,32
70,86
61,37
47,102
181,102
19,40
5,105
65,156
63,83
137,32
82,96
49,148
21,86
95,35
40,99
114,48
12,37
72,51
61,158
88,32
93,110
46,35
32,100
65,48
156,166
49,40
35,105
150,92
95,156
109,91
12,158
213,148
172,110
125,35
70,99
9,89
28,102
102,51
47,115
5,118
123,110
109,212
21,99
39,116
42,158
14,59
13,100
32,113
118,116
30,3
16,105
35,118
150,105
122,6
153,110
39,8
6,60
111,113
97,178
9,102
83,51
50,103
69,116
14,180
27,119
113,159
44,59
2,62
76,11
62,113
48,178
15,1
34,51
18,6
4,108
78,57
23,121
97,70
152,6
124,173
36,60
110,9
69,8
55,73
27,11
154,52
44,180
11,3
30,16
71,54
186,4
145,3
103,6
134,110
106,11
92,113
6,73
45,1
64,14
105,52
50,116
110,130
22,17
8,119
182,6
96,3
66,60
140,9
99,8
57,11
2,75
43,76
103,127
15,14
101,17
59,57
4,121
78,70
23,134
18,19
152,19
105,173
133,6
17,60
91,9
36,73
110,22
108,178
22,138
55,86
8,11
94,14
25,180
11,16
52,17
112,68
84,6
29,70
170,9
87,11
73,76
18,140
45,14
31,79
17,181
64,27
91,130
3,17
163,6
22,30
108,70
168,84
121,9
66,73
181,23
167,125
43,89
82,17
101,30
142,68
155,7
59,70
119,84
17,73
91,22
77,87
75,14
94,27
135,28
80,92
61,79
33,17
52,30
93,31
167,17
10,33
170,22
115,86
15,148
82,138
54,76
73,89
114,90
67,15
12,79
31,92
3,30
89,33
80,213
47,36
121,22
162,23
181,36
88,74
79,25
65,90
63,17
82,30
68,95
109,133
183,82
40,33
26,98
45,148
100,84
31,213
158,25
58,87
144,90
47,157
80,105
33,30
74,31
19,95
93,44
79,146
32,34
63,138
35,39
109,25
95,90
169,39
114,103
67,28
12,92
153,31
172,44
204,33
9,23
28,36
88,87
47,49
146,28
5,52
46,90
65,103
63,30
104,31
49,95
109,146
68,108
21,33
62,34
7,98
12,213
180,26
42,92
28,157
157,42
47,170
74,44
60,109
5,173
13,34
51,60
16,39
35,52
150,39
95,103
81,168
134,31
153,44
139,109
37,98
9,36
28,49
93,178
13,155
187,42
32,168
104,44
49,108
145,45
35,173
90,109
81,60
48,112
180,39
39,63
111,168
185,117
4,42
23,55
9,157
97,4
28,170
14,6
55,7
96,45
118,63
131,2
76,66
2,117
120,109
199,173
6,7
111,60
69,63
14,127
55,128
96,166
127,4
27,66
187,55
173,120
11,58
44,6
30,71
71,109
76,187
2,9
43,10
29,112
84,48
161,2
6,128
92,168
166,117
185,130
4,55
78,4
23,68
9,170
205,45
97,17
36,7
96,58
108,112
27,187
99,63
44,127
112,2
76,79
103,182
29,4
115,7
15,69
73,10
59,112
78,125
207,10
17,115
36,128
110,77
108,4
8,66
168,18
66,7
11,71
57,187
24,10
43,23
29,125
142,2
147,80
59,4
45,69
119,18
105,120
17,7
3,72
108,125
8,187
168,139
80,26
66,128
179,5
79,67
98,80
84,182
15,82
54,10
73,23
188,10
18,87
45,190
12,13
31,26
17,128
91,77
3,193
191,15
75,69
94,82
135,83
168,31
107,21
112,136
24,23
10,88
109,67
142,15
68,29
128,80
100,18
12,134
45,82
86,83
58,21
22,98
42,13
61,26
80,39
33,193
167,193
19,29
79,80
63,72
68,150
101,98
54,23
40,88
114,37
12,26
31,39
72,40
42,134
116,83
75,82
176,134
107,34
19,150
148,35
93,99
74,86
65,37
151,40
49,29
109,80
68,42
114,158
7,32
26,45
141,32
86,96
67,83
70,88
144,37
58,34
42,26
28,91
61,39
47,104
102,40
148,156
19,42
146,83
65,158
104,86
49,150
21,88
95,37
81,102
26,166
34,27
37,32
56,45
28,212
190,45
14,48
46,37
32,102
211,104
49,42
95,158
7,45
26,58
34,148
153,99
67,96
125,37
185,51
9,91
83,40
28,104
47,117
146,96
5,120
187,97
44,48
159,35
104,99
2,51
62,102
7,166
34,40
125,158
37,45
23,110
9,212
56,58
157,110
96,100
55,62
113,40
13,102
173,54
30,5
35,120
76,121
48,59
122,8
153,112
6,62
92,102
37,166
23,2
9,104
50,105
124,54
14,182
27,121
76,13
15,3
18,8
4,110
78,59
152,8
36,62
110,11
55,75
196,51
96,113
94,3
27,13
154,54
44,182
11,5
30,18
16,120
76,134
29,59
103,8
15,124
106,13
6,75
147,14
78,180
4,2
45,3
105,54
3,6
22,19
8,121
108,59
27,134
168,73
66,62
30,139
112,178
98,14
43,78
84,116
48,193
15,16
142,57
87,121
18,21
133,8
45,124
78,72
17,62
91,11
36,75
22,140
75,3
94,16
121,119
33,6
52,19
38,121
167,6
57,134
10,22
84,8
115,75
87,13
128,14
73,78
59,180
147,27
78,193
45,16
3,19
89,22
22,32
8,134
163,8
168,86
204,9
121,11
11,139
107,76
126,89
79,14
98,27
43,91
63,6
82,19
101,32
142,70
87,134
40,22
155,9
100,73
119,86
64,150
17,75
58,76
158,14
177,27
108,193
135,30
80,94
33,19
52,32
93,33
19,84
98,148
43,212
10,35
82,140
109,14
54,78
128,27
73,91
169,28
114,92
67,17
193,156
86,30
31,94
172,33
70,22
89,35
204,22
28,25
88,76
107,89
146,17
79,27
10,156
63,19
49,84
82,32
21,22
114,213
40,35
81,36
26,100
155,22
67,138
158,27
58,89
144,92
89,156
116,30
61,94
181,159
74,33
65,213
32,36
63,140
109,27
40,156
114,105
67,30
12,94
153,33
70,35
130,86
9,25
14,103
47,51
146,30
5,54
65,105
104,33
49,97
109,148
68,110
21,35
62,36
7,100
81,49
26,113
180,28
39,52
70,156
125,92
9,146
42,94
157,44
13,36
44,103
32,49
178,103
35,54
21,156
95,105
134,33
34,95
39,173
125,213
92,36
37,100
111,49
50,39
69,52
14,116
129,103
27,55
60,3
187,44
13,157
30,60
7,113
122,63
172,180
20,52
139,3
6,117
125,105
4,44
97,6
9,159
124,109
138,44
55,9
13,49
44,116
2,119
76,68
62,170
48,6
34,108
6,9
37,113
23,178
97,127
152,63
36,117
110,66
55,130
8,55
27,68
187,57
154,109
113,108
11,60
30,73
145,60
2,11
103,63
1,15
87,55
106,68
6,130
4,57
78,6
119,7
105,109
110,187
36,9
22,74
55,22
96,60
25,116
66,117
11,181
112,4
57,68
98,69
43,133
184,109
29,6
115,9
15,71
18,76
4,178
133,63
152,76
31,15
17,117
36,130
110,79
108,6
149,7
8,68
66,9
11,73
52,74
85,22
43,25
29,127
84,63
142,4
87,68
1,28
73,133
147,82
100,7
45,71
31,136
91,187
17,9
58,10
3,74
22,87
108,127
61,15
66,130
181,80
179,7
24,133
98,82
43,146
170,187
82,74
115,22
156,23
101,87
73,25
18,89
114,26
12,15
17,130
91,79
130,7
75,71
61,136
94,84
88,10
107,23
52,87
126,36
24,25
65,26
10,90
68,31
109,69
183,18
73,146
26,34
58,23
3,87
130,128
77,36
89,90
42,15
61,28
176,15
19,31
79,82
63,74
137,23
82,87
21,77
54,25
40,90
114,39
12,28
72,42
158,82
56,34
171,21
88,23
33,87
74,88
148,37
107,36
46,26
65,39
10,103
49,31
109,82
68,44
54,146
150,83
7,34
86,98
125,26
70,90
42,28
83,29
102,42
148,158
19,44
60,45
5,109
63,87
104,88
21,90
7,155
40,103
26,168
34,29
139,45
213,31
37,34
116,98
83,150
129,37
113,29
13,91
46,39
32,104
137,157
49,44
90,45
35,109
16,96
169,109
34,150
125,39
37,155
111,104
92,91
83,42
41,45
113,150
13,212
25,37
159,37
76,2
117,40
7,168
81,117
62,104
34,42
120,45
39,120
78,48
23,112
14,63
196,40
96,102
201,155
27,2
25,158
113,42
32,117
30,7
71,45
16,109
164,7
29,48
122,10
106,2
37,168
23,4
64,5
108,48
8,110
44,63
11,115
30,128
2,66
43,67
76,15
48,182
15,5
18,10
4,112
59,48
23,125
152,10
193,11
17,51
110,13
55,77
8,2
94,5
11,7
52,8
71,58
2,187
76,136
103,10
87,2
73,67
6,77
106,15
78,182
45,5
64,18
124,69
91,121
110,134
3,8
22,21
27,136
168,75
11,128
126,78
79,3
43,80
29,182
82,8
15,18
101,21
142,59
18,23
4,125
100,62
119,75
91,13
36,77
108,182
75,5
94,18
135,19
80,83
154,69
33,8
52,21
167,8
15,139
189,26
109,3
73,80
59,182
12,70
45,18
31,83
86,19
91,134
3,21
163,10
130,62
121,13
66,77
107,78
181,27
162,14
79,16
24,80
170,134
63,8
82,21
68,86
101,34
21,11
155,11
45,139
58,78
22,155
42,70
75,18
61,83
116,19
80,96
135,32
33,21
74,22
19,86
93,35
98,150
10,37
109,16
54,80
114,94
67,19
12,83
86,32
31,96
89,37
28,27
88,78
47,40
162,27
52,155
93,156
107,91
146,19
65,94
10,158
63,21
104,22
49,86
40,37
7,89
26,102
58,91
89,158
42,83
116,32
28,148
61,96
74,35
19,99
93,48
79,150
60,100
13,25
150,30
95,94
40,158
134,22
67,32
153,35
34,84
58,212
70,37
37,89
9,27
28,40
14,105
74,156
146,32
32,159
104,35
49,99
7,102
81,51
26,115
39,54
9,148
102,110
96,36
41,100
44,105
159,92
32,51
104,156
2,108
21,158
34,97
153,48
37,102
111,51
97,116
9,40
69,54
14,118
55,119
129,105
27,57
30,62
71,100
76,178
29,103
62,51
6,119
39,67
92,159
23,59
97,8
96,49
55,11
27,178
25,105
44,118
159,105
173,3
145,170
131,6
76,70
117,108
2,121
15,60
48,8
6,11
92,51
78,116
157,180
124,3
36,119
110,68
96,170
91,55
210,6
8,57
27,70
168,9
113,110
11,62
71,113
30,75
24,1
43,14
29,116
84,52
15,181
1,17
161,6
4,59
45,60
119,9
78,8
36,11
163,52
22,76
108,116
8,178
168,130
25,118
80,17
154,3
66,119
112,6
98,71
115,11
15,73
101,76
73,14
18,78
4,180
45,181
59,116
31,17
17,119
191,6
91,68
75,60
94,73
168,22
66,11
11,75
52,76
126,25
112,127
24,14
184,3
43,27
10,79
170,68
142,6
87,70
1,30
147,84
100,9
45,73
119,22
64,86
31,138
17,11
3,76
22,89
61,17
121,68
80,30
98,84
43,148
82,76
101,89
54,14
73,27
40,79
114,28
12,17
31,30
72,31
58,133
213,7
75,73
190,23
176,125
33,76
107,25
52,89
93,90
46,15
65,28
109,71
68,33
73,148
26,36
193,213
86,87
100,22
58,25
3,89
70,79
42,17
61,30
102,31
88,133
176,17
47,95
107,146
19,33
5,98
79,84
63,76
82,89
21,79
40,92
26,157
12,30
72,44
58,146
89,213
14,39
33,89
74,90
88,25
93,103
148,39
129,26
46,28
132,31
151,44
49,33
35,98
109,84
40,213
7,36
26,49
67,87
125,28
70,92
89,105
185,42
9,82
42,30
102,44
88,146
47,108
146,87
44,39
104,90
21,92
7,157
26,170
34,31
39,109
37,36
204,213
56,49
102,165
14,52
129,39
148,52
113,31
132,44
118,109
71,34
21,213
7,49
139,168
39,1
37,157
6,53
212,158
9,95
83,44
124,45
69,109
14,173
28,108
148,173
27,112
151,178
44,52
159,39
30,117
2,55
117,42
76,4
7,170
74,98
34,44
37,49
97,63
110,2
55,66
201,157
27,4
113,44
154,45
44,173
99,109
30,9
90,60
76,125
48,63
34,165
189,2
106,4
6,66
37,170
105,45
64,7
50,109
55,187
22,10
8,112
27,125
154,166
25,52
11,117
140,2
30,130
71,168
57,4
2,68
43,69
184,45
103,120
15,7
101,10
120,60
6,187
78,63
64,128
105,166
91,2
36,66
110,15
55,79
96,117
8,4
94,7
25,173
11,9
52,10
29,63
15,128
189,15
87,4
73,69
18,133
147,18
152,133
45,7
31,72
105,58
36,187
110,136
3,10
22,23
108,63
94,128
168,77
8,125
121,2
11,130
140,15
112,182
38,4
79,5
24,69
184,58
43,82
115,187
82,10
101,23
147,139
59,63
45,128
119,77
17,66
91,15
77,80
75,7
135,21
33,10
52,23
167,10
10,26
170,15
109,5
54,69
73,82
18,146
147,31
174,134
114,83
67,8
12,72
86,21
17,187
70,13
3,23
89,26
168,90
121,15
47,29
107,80
79,18
65,83
63,10
82,23
68,88
183,75
21,13
40,26
155,13
100,77
12,193
58,80
42,72
135,34
47,150
80,98
33,23
19,88
93,37
10,39
51,40
137,80
109,18
21,134
54,82
169,32
114,96
67,21
172,37
89,39
42,193
135,155
176,193
28,29
88,80
47,42
162,29
93,158
146,21
5,45
46,83
65,96
63,23
49,88
109,139
21,26
62,27
7,91
81,40
26,104
86,155
172,158
83,86
28,150
102,99
157,35
74,37
60,102
5,166
13,27
32,40
16,32
35,45
150,32
95,96
7,212
136,97
169,45
34,86
153,37
139,102
92,27
37,91
111,40
9,29
28,42
129,94
74,158
113,86
5,58
46,96
146,34
187,35
13,148
104,37
90,102
35,166
62,40
7,104
48,105
67,155
153,158
81,53
37,212
23,48
9,150
138,35
146,155
187,156
25,94
13,40
104,158
16,45
2,110
35,58
76,59
134,37
34,99
92,40
37,104
78,105
14,120
55,121
96,159
143,5
27,59
132,112
11,51
71,102
2,2
43,3
29,105
134,158
6,121
4,48
97,10
105,100
124,113
55,13
108,105
96,51
27,180
44,120
76,72
15,62
73,3
6,13
18,67
78,118
23,182
17,108
91,57
36,121
110,70
55,134
124,5
8,59
27,72
168,11
154,113
30,77
71,115
126,14
76,193
24,3
43,16
103,67
1,19
6,134
45,62
119,11
105,113
36,13
77,14
22,78
8,180
163,54
27,193
66,121
198,11
98,73
115,13
156,14
15,75
87,180
101,78
54,3
18,80
4,182
59,118
12,6
31,19
17,121
91,70
36,134
210,21
75,62
121,178
66,13
107,14
52,78
126,27
57,193
65,17
170,70
68,22
109,60
183,9
1,32
100,11
45,75
86,76
31,140
58,14
3,78
163,67
22,91
204,68
77,27
42,6
176,6
121,70
66,134
80,32
181,84
19,22
79,73
98,86
82,78
156,27
101,91
95,17
114,30
12,19
31,32
22,212
130,11
42,127
61,140
88,14
33,78
107,27
52,91
46,17
65,30
10,94
192,71
49,22
68,35
109,73
183,22
7,25
67,76
141,25
12,140
86,89
125,17
58,27
89,94
42,19
28,84
61,32
93,213
19,35
60,36
146,76
63,78
82,91
68,156
95,30
40,94
81,95
26,159
172,213
213,22
125,138
58,148
37,25
88,27
129,28
19,156
93,105
46,30
32,95
82,212
49,35
90,36
35,100
150,87
26,51
67,89
153,92
70,94
185,44
9,84
83,33
47,110
88,148
146,89
5,113
60,49
159,28
49,156
197,54
2,44
21,94
117,31
7,159
81,108
136,44
34,33
120,36
23,103
56,51
14,54
55,55
74,105
113,33
13,95
32,108
71,36
90,49
35,113
29,39
48,52
153,105
6,55
37,159
166,44
171,159
9,97
44,54
30,119
2,57
76,6
117,44
103,109
48,173
18,1
4,103
185,178
59,39
78,52
23,116
124,168
36,55
110,4
55,68
27,6
13,108
30,11
16,113
71,49
2,178
76,127
136,178
29,52
15,117
106,6
6,68
147,7
78,173
64,9
124,60
110,125
108,52
27,127
154,168
25,54
66,55
11,119
57,6
98,7
43,71
84,109
15,9
18,14
4,116
45,117
59,52
64,130
105,168
193,15
133,1
17,55
91,4
36,68
110,17
22,133
196,57
177,7
96,119
77,69
94,9
108,173
154,60
80,74
10,15
170,4
115,68
15,130
101,133
87,6
54,58
73,71
59,173
128,7
119,187
45,9
86,10
105,60
91,125
210,76
110,138
22,25
8,127
75,117
121,4
66,68
107,69
52,133
181,18
126,82
79,7
10,136
43,84
101,25
128,128
40,15
155,2
45,130
174,15
17,68
58,69
3,133
158,7
22,146
75,9
116,10
135,23
80,87
52,25
93,26
19,77
79,128
10,28
170,17
82,133
101,146
109,7
73,84
40,136
169,21
67,10
12,74
86,23
31,87
72,88
172,26
70,15
3,25
89,28
47,31
88,69
33,133
52,146
107,82
181,31
162,18
5,34
46,72
165,23
82,25
49,77
68,90
109,128
21,15
40,28
155,15
58,82
3,146
116,23
61,87
135,36
102,88
74,26
19,90
93,39
5,155
32,29
63,133
51,42
82,146
35,34
21,136
150,21
114,98
67,23
12,87
153,26
172,39
171,80
9,18
135,157
28,31
47,44
33,146
88,82
162,31
146,23
32,150
65,98
104,26
49,90
35,155
68,103
21,28
62,29
81,42
180,21
39,45
9,139
42,87
157,37
83,88
47,165
74,39
5,168
13,29
32,42
63,146
192,31
118,45
16,34
150,34
62,150
134,26
34,88
153,39
39,166
111,42
157,158
9,31
28,44
69,45
14,109
27,48
187,37
71,91
145,40
104,39
35,168
16,155
30,53
62,42
81,55
172,173
20,45
39,58
166,99
92,150
4,37
138,37
124,102
55,2
96,40
60,117
25,96
99,45
44,109
13,42
57,48
2,112
136,112
134,39
194,53
139,117
6,2
4,158
92,42
50,45
110,59
143,7
8,48
154,102
99,166
11,53
30,66
71,104
90,117
76,182
2,4
43,5
87,48
1,8
23,63
105,102
50,166
36,2
22,67
55,15
96,53
27,182
25,109
66,110
173,7
30,187
164,187
2,125
131,10
115,2
106,182
73,5
18,69
78,120
119,121
152,69
31,8
17,110
91,59
110,72
55,136
168,13
154,115
66,2
11,66
52,67
43,18
170,59
161,10
6,136
119,13
105,115
64,77
91,180
17,2
58,3
3,67
110,193
22,80
8,182
108,120
168,134
61,8
80,21
11,187
112,10
79,62
43,139
82,67
15,77
115,15
87,182
101,80
142,118
54,5
73,18
18,82
100,121
114,19
119,134
12,8
31,21
94,77
168,26
88,3
33,67
107,16
52,80
167,67
24,18
10,83
109,62
183,11
26,27
141,14
45,77
86,78
100,13
91,193
58,16
3,80
89,83
42,8
61,21
176,8
47,86
80,34
121,72
98,88
65,140
63,67
82,80
21,70
54,18
40,83
114,32
155,70
12,21
53,22
72,35
56,27
171,14
33,80
107,29
148,30
46,19
65,32
10,96
109,75
169,89
7,27
26,40
67,78
86,91
31,155
141,27
125,19
70,83
89,96
135,212
83,22
42,21
102,35
47,99
28,86
19,37
146,78
5,102
63,80
68,158
21,83
95,32
40,96
81,97
7,148
34,22
53,35
72,48
39,100
37,27
56,40
171,27
74,94
19,158
113,22
46,32
13,84
32,97
137,150
49,37
16,89
35,102
7,40
67,91
37,148
70,96
9,86
83,35
28,99
69,100
102,48
201,27
60,51
146,91
5,115
25,30
159,30
104,94
49,158
117,33
81,110
34,35
39,113
37,40
23,105
138,92
83,156
96,95
55,57
146,212
187,213
113,35
13,97
32,110
16,102
90,51
35,115
76,116
34,156
92,97
6,57
185,59
9,99
105,36
50,100
124,49
55,178
8,103
41,51
27,116
173,170
11,108
30,121
71,159
2,59
76,8
62,110
120,51
6,178
18,3
4,105
78,54
23,118
105,157
152,3
124,170
17,44
36,57
110,6
55,70
96,108
27,8
30,13
71,51
29,54
103,3
15,119
189,6
106,8
6,70
73,60
147,9
105,49
124,62
36,178
3,1
22,14
8,116
108,54
182,3
168,68
11,121
140,6
30,134
24,60
98,9
184,49
15,11
101,14
87,116
188,168
59,54
4,118
45,119
100,55
18,16
193,17
119,68
105,170
17,57
91,6
36,70
177,9
80,76
154,62
66,178
33,1
52,14
38,116
186,14
10,17
170,6
54,60
128,9
147,22
45,11
12,63
31,76
17,178
177,130
3,14
89,17
22,27
149,68
204,4
121,6
162,7
66,70
107,71
126,84
79,9
24,73
98,22
10,138
82,14
101,27
1,89
128,130
40,17
155,4
100,68
174,17
158,9
58,71
77,84
22,148
42,63
75,11
61,76
135,25
33,14
52,27
93,28
79,130
19,79
10,30
192,7
109,9
128,22
40,138
114,87
12,76
86,25
172,28
72,90
31,89
70,17
89,30
204,17
135,146
47,33
52,148
5,36
65,87
63,14
49,79
109,130
68,92
21,17
40,30
155,17
26,95
81,31
213,187
58,84
70,138
42,76
116,25
61,89
19,92
146,133
5,157
32,31
51,44
82,148
68,213
35,36
21,138
150,23
169,36
114,100
134,15
67,25
153,28
37,82
70,30
111,31
116,146
28,33
14,98
88,84
146,25
5,49
104,28
49,92
35,157
169,157
21,30
62,31
7,95
81,44
26,108
67,146
141,95
180,23
23,39
83,90
160,44
5,170
13,31
32,44
44,98
49,213
16,36
35,49
150,36
134,28
34,90
39,168
92,31
37,95
111,44
97,109
9,33
50,34
113,90
187,39
118,168
30,55
145,42
35,170
62,44
103,45
48,109
6,112
39,60
4,39
23,52
138,39
69,168
55,4
96,42
13,44
16,49
76,63
15,53
180,157
39,181
92,44
6,4
78,109
133,45
18,58
157,173
69,60
36,112
55,125
160,178
27,63
168,2
173,117
11,55
85,4
30,68
43,7
84,45
103,58
29,109
122,71
6,125
4,52
45,53
119,2
105,104
124,117
110,182
36,4
163,45
22,69
108,109
187,173
80,10
66,112
99,60
57,63
2,127
115,4
15,66
101,69
73,7
18,71
4,173
59,109
207,7
152,71
31,10
17,112
36,125
163,166
22,190
8,63
94,66
168,15
149,2
154,117
140,182
66,4
107,5
52,69
11,68
112,120
126,18
24,7
84,58
15,187
87,63
1,23
73,128
188,115
100,2
45,66
119,15
105,117
91,182
17,4
58,5
3,69
22,82
204,59
61,10
80,23
66,125
19,13
38,63
98,77
137,5
82,69
156,18
101,82
142,120
54,7
40,72
114,21
45,187
12,10
31,23
17,125
91,74
3,190
130,2
149,15
135,80
107,18
52,82
93,83
46,8
65,21
170,74
49,13
68,26
202,26
188,128
26,29
100,15
86,80
70,72
3,82
58,18
75,187
42,10
61,23
176,10
47,88
19,26
179,15
5,91
79,77
63,69
156,31
21,72
95,21
114,34
26,150
12,23
70,193
130,15
80,157
33,82
74,83
93,96
32,86
151,37
49,26
35,91
68,39
109,77
169,91
183,26
7,29
26,42
67,80
125,21
56,150
185,35
9,75
42,23
28,88
102,37
162,88
60,40
5,104
146,80
44,32
63,82
104,83
62,86
7,150
136,35
53,37
180,78
39,102
37,29
56,42
102,158
14,45
148,45
13,86
132,37
32,99
71,27
16,91
90,40
35,104
169,104
7,42
172,109
125,34
37,150
92,86
9,88
83,37
69,102
14,166
41,40
27,105
25,32
44,45
159,32
30,110
178,45
104,96
150,212
2,48
117,35
136,48
81,112
122,113
34,37
120,40
180,91
39,115
166,156
125,155
37,42
4,94
196,35
96,97
55,59
160,112
113,37
44,166
30,2
71,40
34,158
6,59
152,113
50,102
124,51
110,116
22,3
8,105
27,118
113,158
25,45
11,110
43,62
84,100
76,10
87,105
6,180
18,5
23,120
119,57
152,5
36,59
110,8
96,110
55,72
22,124
154,51
11,2
52,3
112,54
186,3
2,182
57,118
184,159
15,121
189,8
73,62
147,11
105,51
36,180
55,193
22,16
182,5
8,118
168,70
66,59
140,8
24,62
98,11
43,75
82,3
15,13
101,16
1,78
18,18
45,121
119,70
17,59
58,60
91,8
163,113
135,14
121,116
80,78
33,3
10,19
170,8
15,134
73,75
114,76
18,139
45,13
86,14
31,78
17,180
36,193
3,16
89,19
204,6
168,83
47,22
88,60
121,8
162,9
181,22
79,11
24,75
65,76
10,140
63,3
82,16
109,119
21,6
40,19
155,6
100,70
45,134
158,11
58,73
130,178
116,14
61,78
135,27
80,91
74,17
93,30
10,32
192,9
109,11
21,127
95,76
169,25
114,89
67,14
12,78
86,27
172,30
89,32
75,134
28,22
88,73
47,35
162,22
148,87
107,86
146,14
46,76
65,89
104,17
68,94
169,146
21,19
7,84
40,32
26,97
86,148
31,212
39,36
42,78
47,156
74,30
19,94
32,33
16,25
150,25
21,140
134,17
34,79
153,30
39,157
37,84
70,32
111,33
9,22
102,213
28,35
69,36
14,100
146,27
5,51
187,28
104,30
49,94
16,146
35,159
164,44
150,146
62,33
7,97
26,110
67,148
20,36
180,25
39,49
125,89
28,156
102,105
96,31
60,108
132,213
13,33
44,100
35,51
76,52
117,90
136,103
2,103
34,92
175,31
39,170
92,33
37,97
9,35
50,36
69,49
14,113
196,90
8,39
27,52
113,92
11,44
30,57
145,44
29,98
34,213
122,60
152,168
205,31
9,156
97,3
23,54
55,6
96,44
108,98
27,173
113,213
99,49
44,113
30,178
2,116
122,181
15,55
6,6
18,60
59,98
152,60
50,49
110,63
55,127
8,52
94,55
168,4
173,119
30,70
112,109
126,7
43,9
103,60
87,52
6,127
152,181
4,54
45,55
119,4
124,119
3,58
36,6
22,71
8,173
77,7
11,178
24,117
43,130
84,168
115,6
15,68
142,109
156,7
73,9
18,73
133,60
91,63
210,14
110,76
163,168
36,127
75,55
149,4
94,68
168,17
80,133
66,6
107,7
52,71
24,9
65,10
84,60
10,74
68,15
54,117
100,4
45,68
86,69
31,133
119,17
58,7
3,71
130,112
22,84
163,60
168,138
80,25
121,63
66,127
19,15
179,4
79,66
63,58
82,71
101,84
1,146
54,9
95,10
114,23
119,138
31,25
72,26
58,128
130,4
75,68
116,69
61,133
135,82
80,146
149,17
88,7
33,71
52,84
148,21
19,136
46,10
65,23
10,87
51,88
170,76
49,15
68,28
109,66
183,15
169,80
7,18
26,31
12,133
86,82
31,146
67,69
70,74
89,87
61,25
28,77
47,90
88,128
19,28
146,69
63,71
49,136
82,84
109,187
21,74
95,23
40,87
114,36
81,88
34,13
37,18
42,133
61,146
190,31
14,34
148,34
179,138
46,23
32,88
151,39
49,28
109,79
150,80
114,157
7,31
26,44
12,146
67,82
125,23
70,87
144,36
185,37
9,77
83,26
28,90
102,39
14,155
47,103
143,40
148,155
60,42
146,82
65,157
44,34
21,87
62,88
136,37
26,165
34,26
39,104
37,31
23,96
42,146
97,45
56,44
129,34
41,150
