Id,Label,Degree,ClusteringCoefficient
0,0,100,0.01595959595959596
1,1,107,0.014459530946922941
2,2,100,0.016767676767676768
3,3,91,0.010744810744810745
4,4,26,0.027692307692307693
5,5,126,0.012952380952380953
6,6,25,0.03
7,7,118,0.00985078951180646
8,8,72,0.013302034428794992
9,9,71,0.011670020120724347
10,10,64,0.008928571428571428
11,11,47,0.012025901942645698
12,12,61,0.015846994535519125
13,13,35,0.010084033613445379
14,14,68,0.009218612818261633
15,15,21,0
16,16,77,0.00580997949419002
17,17,9,0.05555555555555555
18,18,30,0.016091954022988506
19,19,48,0.015070921985815602
20,20,32,0.02217741935483871
21,21,29,0.024630541871921183
22,22,32,0.008064516129032258
23,23,48,0.013297872340425532
24,24,11,0.05454545454545454
25,25,33,0.005681818181818182
26,26,14,0.04395604395604396
27,27,51,0.005490196078431373
28,28,19,0.023391812865497075
29,29,19,0.011695906432748537
30,30,75,0.003963963963963964
31,31,40,0.010256410256410256
32,32,18,0.026143790849673203
33,33,23,0.003952569169960474
34,34,39,0.005398110661268556
35,35,18,0.0196078431372549
36,36,14,0.01098901098901099
37,37,17,0.04411764705882353
38,38,12,0.09090909090909091
39,39,4,0
40,40,19,0.029239766081871343
41,41,41,0.004878048780487805
42,42,23,0.011857707509881422
43,43,25,0.006666666666666667
44,44,57,0.005639097744360902
45,45,40,0.008974358974358974
46,46,9,0
47,47,21,0.009523809523809525
48,48,34,0.0053475935828877
49,49,34,0.0106951871657754
50,50,6,0.13333333333333333
51,51,28,0.010582010582010581
52,52,17,0.014705882352941176
53,53,33,0.015151515151515152
54,54,31,0.002150537634408602
55,55,28,0
56,56,13,0
57,57,13,0.02564102564102564
58,58,14,0.01098901098901099
59,59,10,0
60,60,26,0.009230769230769232
61,61,34,0.008912655971479501
62,62,4,0
63,63,11,0
64,64,25,0.01
65,65,9,0.05555555555555555
66,66,29,0
67,67,13,0.02564102564102564
68,68,14,0.01098901098901099
69,69,11,0.03636363636363636
70,70,12,0.045454545454545456
71,71,13,0.05128205128205128
72,72,29,0.022167487684729065
73,73,8,0.14285714285714285
74,74,18,0.013071895424836602
75,75,11,0.01818181818181818
76,76,21,0.009523809523809525
77,77,16,0.075
78,78,28,0.013227513227513227
79,79,15,0.009523809523809525
80,80,8,0.03571428571428571
81,81,13,0.01282051282051282
82,82,17,0.022058823529411766
83,83,9,0
84,84,4,0
85,85,20,0.010526315789473684
86,86,24,0.014492753623188406
87,87,13,0.01282051282051282
88,88,6,0
89,89,8,0.14285714285714285
90,90,9,0
91,91,5,0.2
92,92,6,0.13333333333333333
93,93,17,0.014705882352941176
94,94,5,0
95,95,10,0
96,96,9,0.16666666666666666
97,97,15,0.009523809523809525
98,98,12,0.045454545454545456
99,99,12,0.030303030303030304
100,100,15,0.01904761904761905
101,101,14,0
102,102,26,0.006153846153846154
103,103,14,0.02197802197802198
104,104,4,0.16666666666666666
105,105,9,0.027777777777777776
106,106,5,0.1
107,107,9,0.05555555555555555
108,108,12,0.015151515151515152
109,109,23,0.007905138339920948
110,110,3,0
111,111,15,0.02857142857142857
112,112,5,0
113,113,28,0.0026455026455026454
114,114,22,0.017316017316017316
115,115,15,0.01904761904761905
116,116,12,0.015151515151515152
117,117,13,0.02564102564102564
118,118,15,0.01904761904761905
119,119,12,0.015151515151515152
120,120,6,0
121,121,4,0
122,122,10,0
123,123,19,0.011695906432748537
124,124,12,0.015151515151515152
125,125,11,0.03636363636363636
126,126,11,0.01818181818181818
127,127,8,0.03571428571428571
128,128,10,0.044444444444444446
129,129,5,0
130,130,7,0
131,131,28,0.0026455026455026454
132,132,8,0
133,133,10,0.08888888888888889
134,134,4,0.16666666666666666
135,135,7,0
136,136,15,0.009523809523809525
137,137,16,0.008333333333333333
138,138,7,0.047619047619047616
139,139,9,0.027777777777777776
140,140,13,0.02564102564102564
141,141,15,0.02857142857142857
142,142,10,0.044444444444444446
143,143,9,0
144,144,12,0
145,145,7,0.047619047619047616
146,146,12,0
147,147,8,0.03571428571428571
148,148,6,0
149,149,3,0
150,150,20,0.015789473684210527
151,151,27,0.008547008547008548
152,152,6,0
153,153,17,0.014705882352941176
154,154,6,0
155,155,7,0.09523809523809523
156,156,5,0.3
157,157,4,0
158,158,12,0.015151515151515152
159,159,20,0.031578947368421054
160,160,16,0.016666666666666666
161,161,10,0.022222222222222223
162,162,13,0
163,163,5,0
164,164,14,0
165,165,16,0.008333333333333333
166,166,8,0.07142857142857142
167,167,4,0
168,168,15,0
169,169,15,0
170,170,11,0
171,171,15,0.009523809523809525
172,172,7,0
173,173,4,0
174,174,12,0.015151515151515152
175,175,8,0.07142857142857142
176,176,11,0.01818181818181818
177,177,6,0.06666666666666667
178,178,7,0
179,179,13,0.01282051282051282
180,180,18,0.006535947712418301
181,181,18,0
182,182,6,0
183,183,12,0.015151515151515152
184,184,8,0
185,185,8,0
186,186,4,0
187,187,12,0.015151515151515152
188,188,18,0.006535947712418301
189,189,9,0.027777777777777776
190,190,17,0.022058823529411766
191,191,10,0
192,192,5,0
193,193,9,0.027777777777777776
194,194,8,0
195,195,12,0
196,196,4,0
197,197,11,0.01818181818181818
198,198,3,0.3333333333333333
199,199,8,0
200,200,17,0.007352941176470588
201,201,11,0.01818181818181818
202,202,7,0
203,203,15,0
204,204,8,0
205,205,13,0
206,206,7,0
207,207,5,0
208,208,11,0
209,209,6,0
210,210,4,0
211,211,13,0
212,212,12,0.015151515151515152
213,213,10,0
214,214,15,0.009523809523809525
215,215,4,0
216,216,17,0.007352941176470588
217,217,15,0
218,218,3,0.3333333333333333
219,219,17,0
220,220,9,0.027777777777777776
221,221,7,0
222,222,6,0.06666666666666667
223,223,6,0
224,224,5,0.2
225,225,11,0
226,226,13,0.01282051282051282
227,227,5,0.1
228,228,5,0.1
229,229,4,0
230,230,4,0.16666666666666666
231,231,11,0
232,232,4,0
233,233,12,0
234,234,6,0.06666666666666667
235,235,18,0
236,236,4,0
237,237,8,0
238,238,8,0
239,239,12,0.045454545454545456
240,240,6,0.2
241,241,8,0.03571428571428571
242,242,10,0
243,243,4,0
244,244,6,0
245,245,10,0.044444444444444446
246,246,10,0
247,247,7,0
248,248,6,0.06666666666666667
249,249,7,0.047619047619047616
250,250,7,0
251,251,14,0.01098901098901099
252,252,6,0.13333333333333333
253,253,10,0
254,254,6,0
255,255,6,0
256,256,7,0.047619047619047616
257,257,7,0
258,258,10,0.022222222222222223
259,259,17,0
260,260,8,0.07142857142857142
261,261,5,0
262,262,13,0
263,263,7,0
264,264,13,0.02564102564102564
265,265,13,0.01282051282051282
266,266,6,0
267,267,11,0
268,268,8,0
269,269,12,0.030303030303030304
270,270,11,0.03636363636363636
271,271,13,0.038461538461538464
272,272,10,0.022222222222222223
273,273,8,0
274,274,9,0
275,275,7,0
276,276,9,0
277,277,9,0
278,278,9,0
279,279,13,0
280,280,9,0
281,281,10,0
282,282,6,0
283,283,6,0
284,284,8,0.03571428571428571
285,285,12,0.015151515151515152
286,286,10,0.022222222222222223
287,287,8,0.03571428571428571
288,288,10,0
289,289,18,0
290,290,12,0
291,291,10,0.022222222222222223
292,292,4,0.16666666666666666
293,293,7,0
294,294,8,0
295,295,8,0
296,296,19,0.011695906432748537
297,297,4,0
298,298,6,0
299,299,19,0
300,300,6,0
301,301,9,0
302,302,3,0
303,303,5,0
304,304,11,0
305,305,7,0.09523809523809523
306,306,6,0
307,307,8,0
308,308,5,0.1
309,309,3,0
310,310,8,0
311,311,8,0.03571428571428571
312,312,10,0.022222222222222223
313,313,5,0
314,314,24,0.0036231884057971015
315,315,14,0.01098901098901099
316,316,7,0
317,317,9,0
318,318,8,0.03571428571428571
319,319,12,0
320,320,17,0
321,321,14,0.03296703296703297
322,322,5,0.1
323,323,5,0
324,324,6,0
325,325,19,0
326,326,13,0
327,327,7,0.047619047619047616
328,328,5,0.1
329,329,10,0
330,330,10,0
331,331,14,0
332,332,4,0
333,333,9,0
334,334,11,0
335,335,13,0
336,336,4,0.16666666666666666
337,337,5,0
338,338,5,0
339,339,5,0
340,340,14,0
341,341,5,0
342,342,5,0
343,343,7,0
344,344,5,0
345,345,8,0
346,346,6,0
347,347,3,0
348,348,6,0
349,349,5,0
350,350,8,0
351,351,9,0
352,352,9,0.027777777777777776
353,353,11,0
354,354,8,0
355,355,10,0
356,356,9,0
357,357,3,0
358,358,9,0
359,359,7,0
360,360,8,0
361,361,15,0.009523809523809525
362,362,3,0
363,363,4,0
364,364,13,0.01282051282051282
365,365,5,0
366,366,12,0
367,367,6,0
368,368,11,0
369,369,4,0
370,370,4,0
371,371,5,0
372,372,20,0.010526315789473684
373,373,3,1.0
374,374,4,0
375,375,10,0.022222222222222223
376,376,10,0.022222222222222223
377,377,4,0
378,378,8,0
379,379,7,0
380,380,7,0
381,381,6,0
382,382,15,0.009523809523809525
383,383,7,0.047619047619047616
384,384,4,0
385,385,14,0.01098901098901099
386,386,5,0
387,387,8,0
388,388,6,0
389,389,10,0
390,390,3,0
391,391,5,0.1
392,392,6,0
393,393,10,0.022222222222222223
394,394,5,0
395,395,7,0
396,396,14,0.01098901098901099
397,397,11,0
398,398,6,0
399,399,4,0
400,400,6,0
401,401,8,0
402,402,5,0
403,403,6,0.06666666666666667
404,404,7,0.09523809523809523
405,405,3,0.3333333333333333
406,406,8,0
407,407,5,0
408,408,6,0
409,409,4,0
410,410,8,0
411,411,7,0.047619047619047616
412,412,6,0
413,413,5,0
414,414,4,0
415,415,7,0
416,416,6,0
417,417,5,0
418,418,4,0
419,419,8,0
420,420,9,0.027777777777777776
421,421,3,0
422,422,6,0
423,423,11,0.03636363636363636
424,424,8,0
425,425,3,0
426,426,4,0.16666666666666666
427,427,7,0
428,428,11,0.01818181818181818
429,429,6,0
430,430,6,0
431,431,5,0.1
432,432,7,0.09523809523809523
433,433,6,0
434,434,12,0
435,435,8,0.03571428571428571
436,436,6,0.06666666666666667
437,437,9,0
438,438,11,0
439,439,7,0.09523809523809523
440,440,4,0
441,441,5,0.1
442,442,3,0.3333333333333333
443,443,19,0.005847953216374269
444,444,6,0.06666666666666667
445,445,8,0
446,446,3,0
447,447,8,0
448,448,9,0
449,449,10,0
450,450,6,0
451,451,4,0
452,452,4,0
453,453,4,0
454,454,6,0.06666666666666667
455,455,6,0
456,456,13,0
457,457,9,0.027777777777777776
458,458,3,0
459,459,4,0
460,460,8,0
461,461,4,0.3333333333333333
462,462,7,0
463,463,6,0.13333333333333333
464,464,5,0.1
465,465,7,0
466,466,5,0.1
467,467,6,0
468,468,8,0
469,469,4,0
470,470,8,0
471,471,4,0
472,472,13,0.01282051282051282
473,473,5,0
474,474,9,0.05555555555555555
475,475,4,0
476,476,12,0
477,477,4,0.16666666666666666
478,478,8,0
479,479,7,0
480,480,4,0
481,481,12,0
482,482,7,0
483,483,4,0
484,484,7,0
485,485,6,0
486,486,4,0
487,487,8,0.03571428571428571
488,488,5,0
489,489,8,0.03571428571428571
490,490,5,0.1
491,491,8,0
492,492,7,0
493,493,7,0
494,494,3,0
495,495,7,0
496,496,7,0
497,497,7,0
498,498,4,0
499,499,8,0
500,500,6,0.06666666666666667
501,501,8,0
502,502,4,0
503,503,3,0.3333333333333333
504,504,8,0.10714285714285714
505,505,5,0
506,506,4,0
507,507,6,0
508,508,4,0.16666666666666666
509,509,5,0.1
510,510,3,0
511,511,3,0
512,512,4,0
513,513,15,0
514,514,6,0
515,515,3,0
516,516,5,0
517,517,5,0
518,518,3,0.3333333333333333
519,519,7,0.09523809523809523
520,520,5,0
521,521,4,0.3333333333333333
522,522,5,0.1
523,523,5,0
524,524,4,0.3333333333333333
525,525,10,0
526,526,6,0
527,527,4,0
528,528,6,0.06666666666666667
529,529,6,0.06666666666666667
530,530,8,0
531,531,4,0
532,532,6,0.06666666666666667
533,533,12,0
534,534,6,0
535,535,6,0
536,536,5,0
537,537,4,0
538,538,7,0
539,539,4,0
540,540,9,0.027777777777777776
541,541,6,0
542,542,6,0
543,543,3,0
544,544,5,0
545,545,3,0
546,546,4,0
547,547,7,0
548,548,6,0
549,549,3,0
550,550,4,0
551,551,5,0
552,552,5,0
553,553,3,0
554,554,4,0
555,555,4,0.16666666666666666
556,556,5,0
557,557,4,0
558,558,7,0.047619047619047616
559,559,3,1.0
560,560,4,0
561,561,11,0
562,562,4,0.16666666666666666
563,563,4,0.16666666666666666
564,564,4,0.16666666666666666
565,565,6,0
566,566,6,0
567,567,3,0
568,568,5,0
569,569,4,0
570,570,4,0
571,571,3,0
572,572,8,0.07142857142857142
573,573,5,0
574,574,3,0
575,575,7,0.047619047619047616
576,576,6,0
577,577,6,0
578,578,14,0
579,579,5,0
580,580,4,0
581,581,6,0
582,582,4,0
583,583,5,0
584,584,11,0
585,585,4,0
586,586,4,0
587,587,12,0
588,588,4,0
589,589,6,0.06666666666666667
590,590,4,0.16666666666666666
591,591,6,0
592,592,6,0
593,593,7,0
594,594,9,0
595,595,4,0
596,596,5,0.1
597,597,6,0
598,598,6,0
599,599,13,0.01282051282051282
600,600,6,0.06666666666666667
601,601,6,0
602,602,6,0
603,603,6,0.06666666666666667
604,604,8,0.03571428571428571
605,605,5,0
606,606,8,0.03571428571428571
607,607,4,0
608,608,3,0
609,609,3,0.3333333333333333
610,610,3,0
611,611,8,0
612,612,3,0
613,613,3,0.3333333333333333
614,614,4,0
615,615,6,0
616,616,5,0
617,617,8,0
618,618,5,0
619,619,6,0
620,620,9,0.027777777777777776
621,621,6,0.13333333333333333
622,622,5,0.1
623,623,4,0
624,624,7,0
625,625,5,0
626,626,3,0
627,627,6,0
628,628,8,0
629,629,8,0
630,630,5,0
631,631,4,0.16666666666666666
632,632,3,0
633,633,7,0
634,634,6,0
635,635,4,0
636,636,4,0
637,637,6,0
638,638,8,0
639,639,4,0.16666666666666666
640,640,3,0
641,641,4,0
642,642,9,0
643,643,3,0
644,644,9,0
645,645,4,0
646,646,8,0
647,647,5,0.1
648,648,5,0
649,649,11,0
650,650,5,0
651,651,5,0
652,652,3,0.3333333333333333
653,653,4,0
654,654,3,0
655,655,6,0
656,656,4,0
657,657,4,0
658,658,8,0
659,659,4,0
660,660,7,0.047619047619047616
661,661,8,0.03571428571428571
662,662,4,0
663,663,5,0
664,664,6,0
665,665,4,0
666,666,3,0.3333333333333333
667,667,4,0
668,668,8,0
669,669,4,0
670,670,6,0.06666666666666667
671,671,7,0.047619047619047616
672,672,6,0
673,673,3,0.3333333333333333
674,674,4,0
675,675,5,0
676,676,5,0
677,677,3,0
678,678,4,0
679,679,5,0
680,680,3,0
681,681,11,0
682,682,7,0
683,683,5,0
684,684,5,0
685,685,4,0.3333333333333333
686,686,5,0
687,687,7,0
688,688,8,0
689,689,3,0
690,690,4,0
691,691,7,0
692,692,8,0
693,693,4,0
694,694,6,0
695,695,7,0
696,696,6,0
697,697,3,0
698,698,4,0
699,699,5,0
700,700,8,0
701,701,4,0
702,702,7,0
703,703,6,0
704,704,3,0
705,705,4,0
706,706,3,0
707,707,4,0.16666666666666666
708,708,6,0.06666666666666667
709,709,6,0
710,710,3,0
711,711,3,0
712,712,5,0
713,713,4,0
714,714,5,0
715,715,3,0
716,716,6,0
717,717,4,0
718,718,5,0.1
719,719,7,0
720,720,5,0.1
721,721,3,0
722,722,9,0
723,723,8,0
724,724,6,0.06666666666666667
725,725,4,0
726,726,5,0
727,727,6,0
728,728,3,0
729,729,4,0
730,730,5,0
731,731,3,0
732,732,3,0
733,733,4,0
734,734,9,0
735,735,4,0
736,736,7,0.047619047619047616
737,737,6,0
738,738,5,0
739,739,4,0
740,740,5,0
741,741,5,0
742,742,3,0
743,743,9,0
744,744,5,0
745,745,5,0.2
746,746,3,0.3333333333333333
747,747,3,0
748,748,3,0
749,749,5,0
750,750,6,0
751,751,4,0
752,752,5,0
753,753,4,0
754,754,5,0.1
755,755,3,0
756,756,5,0
757,757,5,0
758,758,4,0
759,759,5,0
760,760,4,0
761,761,4,0
762,762,4,0
763,763,4,0
764,764,4,0.16666666666666666
765,765,4,0
766,766,5,0
767,767,3,0
768,768,3,0
769,769,4,0
770,770,8,0
771,771,5,0
772,772,3,0
773,773,7,0
774,774,3,0
775,775,3,0
776,776,6,0
777,777,4,0
778,778,8,0
779,779,5,0
780,780,5,0
781,781,7,0
782,782,5,0
783,783,6,0
784,784,3,0
785,785,4,0
786,786,4,0
787,787,3,0
788,788,6,0
789,789,5,0
790,790,6,0
791,791,8,0
792,792,3,0
793,793,6,0
794,794,3,0
795,795,6,0
796,796,3,0
797,797,5,0
798,798,7,0
799,799,3,0
800,800,4,0
801,801,7,0
802,802,5,0
803,803,6,0
804,804,3,0
805,805,4,0
806,806,5,0
807,807,3,0
808,808,3,0
809,809,6,0.06666666666666667
810,810,4,0
811,811,3,0
812,812,4,0
813,813,7,0
814,814,5,0
815,815,9,0
816,816,3,0
817,817,7,0
818,818,3,0
819,819,3,0
820,820,6,0
821,821,4,0
822,822,6,0
823,823,3,0
824,824,7,0
825,825,4,0
826,826,6,0
827,827,3,0
828,828,5,0
829,829,5,0
830,830,4,0
831,831,9,0
832,832,9,0
833,833,5,0
834,834,3,0
835,835,5,0.2
836,836,3,0
837,837,5,0
838,838,3,0
839,839,4,0
840,840,5,0
841,841,5,0
842,842,3,0
843,843,6,0
844,844,5,0
845,845,7,0.047619047619047616
846,846,4,0.16666666666666666
847,847,3,0
848,848,12,0
849,849,5,0
850,850,4,0.16666666666666666
851,851,4,0
852,852,7,0
853,853,3,0.3333333333333333
854,854,5,0
855,855,5,0
856,856,3,0
857,857,5,0
858,858,7,0
859,859,3,0
860,860,4,0
861,861,5,0
862,862,5,0.1
863,863,9,0.1111111111111111
864,864,4,0
865,865,3,0
866,866,4,0
867,867,3,0
868,868,6,0
869,869,6,0
870,870,4,0
871,871,5,0
872,872,4,0
873,873,4,0
874,874,4,0
875,875,5,0
876,876,3,0
877,877,3,0
878,878,5,0
879,879,5,0
880,880,7,0
881,881,4,0
882,882,6,0
883,883,4,0
884,884,7,0
885,885,5,0
886,886,4,0
887,887,4,0
888,888,5,0
889,889,6,0.06666666666666667
890,890,5,0
891,891,4,0
892,892,6,0
893,893,4,0
894,894,3,0
895,895,9,0
896,896,6,0
897,897,4,0
898,898,4,0
899,899,6,0.06666666666666667
900,900,9,0
901,901,5,0.1
902,902,5,0
903,903,3,0
904,904,4,0
905,905,3,0
906,906,3,0
907,907,4,0
908,908,4,0
909,909,6,0
910,910,4,0
911,911,4,0
912,912,5,0
913,913,6,0
914,914,6,0
915,915,4,0
916,916,4,0
917,917,5,0
918,918,5,0.1
919,919,5,0
920,920,4,0.16666666666666666
921,921,3,0
922,922,4,0
923,923,4,0
924,924,5,0
925,925,4,0
926,926,3,0
927,927,4,0
928,928,4,0
929,929,4,0
930,930,7,0
931,931,4,0.3333333333333333
932,932,7,0
933,933,4,0
934,934,5,0
935,935,7,0.047619047619047616
936,936,5,0
937,937,5,0
938,938,4,0
939,939,5,0
940,940,4,0
941,941,10,0.022222222222222223
942,942,3,0
943,943,6,0
944,944,3,0
945,945,5,0
946,946,6,0
947,947,4,0
948,948,4,0
949,949,5,0
950,950,4,0
951,951,5,0.1
952,952,4,0.16666666666666666
953,953,4,0
954,954,4,0
955,955,3,0
956,956,5,0
957,957,10,0.022222222222222223
958,958,3,0
959,959,6,0
960,960,8,0
961,961,3,0
962,962,4,0
963,963,5,0
964,964,3,0
965,965,3,0
966,966,9,0
967,967,4,0
968,968,4,0
969,969,3,0
970,970,5,0
971,971,6,0
972,972,5,0
973,973,6,0
974,974,3,0
975,975,7,0
976,976,5,0
977,977,5,0
978,978,4,0
979,979,4,0
980,980,6,0
981,981,4,0
982,982,3,0.3333333333333333
983,983,5,0.1
984,984,4,0
985,985,3,0
986,986,4,0
987,987,4,0
988,988,4,0
989,989,9,0
990,990,4,0
991,991,3,0
992,992,5,0
993,993,3,0
994,994,4,0
995,995,5,0
996,996,4,0
997,997,3,0
998,998,3,0
999,999,3,0
1000,1000,3,0
1001,1001,3,0
1002,1002,8,0.03571428571428571
1003,1003,7,0
1004,1004,4,0
1005,1005,4,0
1006,1006,3,0
1007,1007,5,0
1008,1008,6,0
1009,1009,4,0
1010,1010,3,0
1011,1011,6,0.06666666666666667
1012,1012,3,0
1013,1013,3,0
1014,1014,3,0
1015,1015,3,0
1016,1016,5,0
1017,1017,4,0
1018,1018,5,0
1019,1019,3,0
1020,1020,5,0
1021,1021,4,0
1022,1022,7,0.047619047619047616
1023,1023,3,0
1024,1024,6,0
1025,1025,3,0
1026,1026,4,0
1027,1027,5,0
1028,1028,3,0
1029,1029,3,0
1030,1030,6,0
1031,1031,3,0
1032,1032,4,0
1033,1033,4,0
1034,1034,6,0
1035,1035,3,0
1036,1036,3,0
1037,1037,3,0
1038,1038,5,0
1039,1039,4,0
1040,1040,4,0
1041,1041,3,0.3333333333333333
1042,1042,4,0
1043,1043,3,0.3333333333333333
1044,1044,5,0
1045,1045,4,0
1046,1046,5,0
1047,1047,4,0
1048,1048,3,0
1049,1049,6,0
1050,1050,6,0
1051,1051,5,0
1052,1052,3,0
1053,1053,4,0
1054,1054,5,0
1055,1055,3,0
1056,1056,4,0
1057,1057,4,0
1058,1058,3,0
1059,1059,6,0
1060,1060,3,0
1061,1061,3,0
1062,1062,3,0
1063,1063,5,0
1064,1064,4,0
1065,1065,5,0
1066,1066,4,0
1067,1067,4,0
1068,1068,3,0
1069,1069,4,0
1070,1070,3,0
1071,1071,3,0
1072,1072,3,0
1073,1073,4,0
1074,1074,9,0
1075,1075,4,0
1076,1076,4,0
1077,1077,7,0
1078,1078,3,0
1079,1079,4,0
1080,1080,3,0
1081,1081,4,0.16666666666666666
1082,1082,3,0
1083,1083,4,0
1084,1084,5,0
1085,1085,5,0
1086,1086,4,0
1087,1087,5,0
1088,1088,4,0
1089,1089,4,0
1090,1090,3,0
1091,1091,5,0.1
1092,1092,6,0
1093,1093,3,0
1094,1094,4,0
1095,1095,9,0.05555555555555555
1096,1096,4,0
1097,1097,4,0
1098,1098,6,0.06666666666666667
1099,1099,6,0
1100,1100,5,0
1101,1101,3,0.6666666666666666
1102,1102,4,0.3333333333333333
1103,1103,5,0
1104,1104,3,0
1105,1105,3,0
1106,1106,3,0
1107,1107,5,0
1108,1108,5,0
1109,1109,3,0
1110,1110,3,0
1111,1111,3,0.3333333333333333
1112,1112,3,0
1113,1113,3,0
1114,1114,4,0
1115,1115,3,0
1116,1116,4,0
1117,1117,6,0
1118,1118,3,0
1119,1119,3,0
1120,1120,3,0
1121,1121,4,0
1122,1122,4,0
1123,1123,7,0
1124,1124,4,0
1125,1125,3,0.3333333333333333
1126,1126,3,0
1127,1127,4,0
1128,1128,4,0
1129,1129,4,0.16666666666666666
1130,1130,6,0
1131,1131,3,0
1132,1132,6,0
1133,1133,3,0
1134,1134,4,0
1135,1135,6,0
1136,1136,7,0
1137,1137,3,0
1138,1138,3,0
1139,1139,6,0
1140,1140,4,0
1141,1141,3,0
1142,1142,4,0
1143,1143,3,0
1144,1144,3,0
1145,1145,3,0
1146,1146,5,0
1147,1147,4,0
1148,1148,3,0
1149,1149,4,0
1150,1150,4,0
1151,1151,3,0
1152,1152,4,0
1153,1153,3,0
1154,1154,3,0
1155,1155,5,0
1156,1156,6,0
1157,1157,4,0
1158,1158,3,0
1159,1159,5,0
1160,1160,5,0.1
1161,1161,3,0
1162,1162,3,0
1163,1163,4,0
1164,1164,4,0
1165,1165,4,0
1166,1166,3,0
1167,1167,3,0
1168,1168,7,0
1169,1169,3,0
1170,1170,4,0
1171,1171,3,0
1172,1172,4,0
1173,1173,6,0
1174,1174,3,0
1175,1175,3,0
1176,1176,3,0
1177,1177,8,0
1178,1178,3,0
1179,1179,8,0
1180,1180,4,0
1181,1181,4,0
1182,1182,5,0
1183,1183,3,0
1184,1184,3,0
1185,1185,3,0
1186,1186,3,0
1187,1187,4,0
1188,1188,4,0
1189,1189,3,0
1190,1190,5,0
1191,1191,5,0
1192,1192,4,0
1193,1193,3,0
1194,1194,3,0
1195,1195,3,0
1196,1196,3,0
1197,1197,3,0
1198,1198,3,0
1199,1199,3,0
1200,1200,3,0
1201,1201,4,0
1202,1202,3,0
1203,1203,3,0
1204,1204,3,0
1205,1205,3,0
1206,1206,4,0
1207,1207,4,0
1208,1208,4,0
1209,1209,3,0
1210,1210,3,0
1211,1211,3,0
1212,1212,3,0
1213,1213,3,0
1214,1214,4,0
1215,1215,7,0
1216,1216,5,0
1217,1217,4,0
1218,1218,4,0
1219,1219,4,0.16666666666666666
1220,1220,4,0
1221,1221,3,0
1222,1222,4,0
1223,1223,4,0
1224,1224,3,0
1225,1225,5,0
1226,1226,3,0
1227,1227,5,0
1228,1228,3,0
1229,1229,3,0
1230,1230,4,0
1231,1231,4,0
1232,1232,6,0
1233,1233,3,0
1234,1234,3,0
1235,1235,5,0
1236,1236,3,0
1237,1237,3,0
1238,1238,4,0.16666666666666666
1239,1239,4,0.16666666666666666
1240,1240,6,0
1241,1241,3,0
1242,1242,4,0
1243,1243,3,0
1244,1244,5,0
1245,1245,3,0
1246,1246,3,0.3333333333333333
1247,1247,4,0
1248,1248,3,0
1249,1249,3,0
1250,1250,5,0
1251,1251,3,0
1252,1252,3,0
1253,1253,10,0
1254,1254,4,0
1255,1255,3,0
1256,1256,4,0
1257,1257,4,0
1258,1258,4,0.3333333333333333
1259,1259,3,0
1260,1260,5,0
1261,1261,3,0
1262,1262,3,0
1263,1263,3,0
1264,1264,4,0
1265,1265,3,0.3333333333333333
1266,1266,4,0
1267,1267,4,0
1268,1268,3,0
1269,1269,3,0
1270,1270,4,0
1271,1271,3,0
1272,1272,5,0
1273,1273,4,0
1274,1274,4,0
1275,1275,4,0
1276,1276,3,0
1277,1277,3,0
1278,1278,3,0
1279,1279,3,0
1280,1280,3,0
1281,1281,3,0
1282,1282,3,0
1283,1283,3,0
1284,1284,4,0
1285,1285,5,0
1286,1286,3,0
1287,1287,6,0
1288,1288,3,0
1289,1289,3,0
1290,1290,4,0
1291,1291,3,0.3333333333333333
1292,1292,3,0
1293,1293,3,0
1294,1294,4,0
1295,1295,3,0
1296,1296,3,0
1297,1297,3,0
1298,1298,3,0
1299,1299,3,0.3333333333333333
1300,1300,3,0
1301,1301,3,0
1302,1302,3,0
1303,1303,3,0
1304,1304,4,0
1305,1305,3,0
1306,1306,3,0
1307,1307,4,0
1308,1308,4,0
1309,1309,4,0
1310,1310,3,0
1311,1311,5,0
1312,1312,4,0
1313,1313,4,0
1314,1314,3,0
1315,1315,3,0
1316,1316,4,0
1317,1317,3,0
1318,1318,4,0
1319,1319,3,0
1320,1320,5,0
1321,1321,3,0
1322,1322,4,0
1323,1323,7,0
1324,1324,3,0
1325,1325,3,0
1326,1326,3,0
1327,1327,7,0
1328,1328,4,0
1329,1329,3,0
1330,1330,4,0.16666666666666666
1331,1331,3,0
1332,1332,3,0
1333,1333,3,0
1334,1334,3,0
1335,1335,3,0
1336,1336,4,0
1337,1337,4,0
1338,1338,3,0
1339,1339,3,0
1340,1340,4,0
1341,1341,3,0
1342,1342,3,0
1343,1343,3,0.3333333333333333
1344,1344,4,0
1345,1345,4,0
1346,1346,4,0
1347,1347,4,0
1348,1348,3,0
1349,1349,3,0
1350,1350,4,0
1351,1351,3,0
1352,1352,5,0
1353,1353,3,0
1354,1354,3,0.3333333333333333
1355,1355,3,0
1356,1356,3,0
1357,1357,3,0
1358,1358,4,0
1359,1359,5,0
1360,1360,4,0
1361,1361,3,0
1362,1362,3,0
1363,1363,3,0
1364,1364,3,0
1365,1365,3,0
1366,1366,3,0
1367,1367,6,0
1368,1368,3,0
1369,1369,3,0
1370,1370,5,0
1371,1371,3,0
1372,1372,3,0
1373,1373,3,0
1374,1374,3,0.6666666666666666
1375,1375,3,0
1376,1376,3,0
1377,1377,3,0
1378,1378,3,0
1379,1379,3,0
1380,1380,4,0
1381,1381,3,0
1382,1382,4,0
1383,1383,3,0
1384,1384,3,0
1385,1385,3,0
1386,1386,3,0
1387,1387,3,0
1388,1388,3,0
1389,1389,3,0
1390,1390,3,0
1391,1391,3,0
1392,1392,4,0
1393,1393,3,0
1394,1394,4,0
1395,1395,3,0.6666666666666666
1396,1396,3,0
1397,1397,3,0
1398,1398,3,0
1399,1399,3,0
1400,1400,3,0
1401,1401,3,0
1402,1402,5,0
1403,1403,3,0.3333333333333333
1404,1404,3,0
1405,1405,3,0
1406,1406,3,0
1407,1407,3,0
1408,1408,3,0
1409,1409,4,0
1410,1410,3,0
1411,1411,3,0
1412,1412,5,0
1413,1413,4,0
1414,1414,3,0
1415,1415,3,0
1416,1416,3,0
1417,1417,3,0
1418,1418,3,0
1419,1419,4,0
1420,1420,3,0
1421,1421,4,0
1422,1422,3,0
1423,1423,5,0
1424,1424,3,0
1425,1425,6,0
1426,1426,3,0
1427,1427,3,0
1428,1428,3,0
1429,1429,4,0
1430,1430,3,0
1431,1431,3,0.3333333333333333
1432,1432,3,0
1433,1433,5,0
1434,1434,3,0
1435,1435,4,0
1436,1436,3,0
1437,1437,4,0
1438,1438,3,0
1439,1439,3,0
1440,1440,4,0
1441,1441,3,0
1442,1442,3,0
1443,1443,4,0
1444,1444,3,0
1445,1445,3,0
1446,1446,4,0
1447,1447,3,0
1448,1448,3,0
1449,1449,3,0
1450,1450,3,0
1451,1451,4,0
1452,1452,3,0
1453,1453,3,0
1454,1454,5,0
1455,1455,5,0
1456,1456,6,0
1457,1457,3,0
1458,1458,3,0
1459,1459,4,0
1460,1460,3,0
1461,1461,5,0
1462,1462,4,0
1463,1463,3,0
1464,1464,3,0
1465,1465,3,0
1466,1466,3,0
1467,1467,5,0
1468,1468,5,0
1469,1469,4,0
1470,1470,3,0
1471,1471,5,0
1472,1472,3,0
1473,1473,3,0
1474,1474,3,0
1475,1475,3,0
1476,1476,3,0
1477,1477,4,0
1478,1478,3,0
1479,1479,3,0
1480,1480,3,0
1481,1481,3,0
1482,1482,3,0
1483,1483,3,0
1484,1484,6,0
1485,1485,6,0
1486,1486,5,0
1487,1487,3,0
1488,1488,3,0
1489,1489,4,0
1490,1490,4,0
1491,1491,3,0
1492,1492,3,0
1493,1493,4,0
1494,1494,4,0
1495,1495,3,0
1496,1496,5,0
1497,1497,3,0
1498,1498,3,0
1499,1499,3,0
1500,1500,3,0
1501,1501,3,0
1502,1502,3,0
1503,1503,4,0
1504,1504,3,0
1505,1505,3,0
1506,1506,4,0
1507,1507,3,0
1508,1508,4,0
1509,1509,3,0
1510,1510,3,0
1511,1511,4,0.16666666666666666
1512,1512,4,0
1513,1513,5,0
1514,1514,3,0
1515,1515,3,0
1516,1516,4,0
1517,1517,3,0
1518,1518,4,0
1519,1519,3,0
1520,1520,3,0
1521,1521,3,0
1522,1522,3,0
1523,1523,4,0
1524,1524,3,0
1525,1525,3,0
1526,1526,3,0.6666666666666666
1527,1527,4,0
1528,1528,3,0
1529,1529,3,0
1530,1530,5,0.1
1531,1531,4,0
1532,1532,3,0
1533,1533,4,0
1534,1534,4,0
1535,1535,3,0
1536,1536,4,0
1537,1537,4,0
1538,1538,3,0
1539,1539,3,0
1540,1540,4,0
1541,1541,4,0
1542,1542,3,0
1543,1543,4,0
1544,1544,4,0
1545,1545,3,0.3333333333333333
1546,1546,3,0
1547,1547,3,0
1548,1548,3,0
1549,1549,3,0
1550,1550,4,0
1551,1551,3,0
1552,1552,3,0
1553,1553,3,0
1554,1554,3,0
1555,1555,3,0
1556,1556,3,0
1557,1557,3,0
1558,1558,4,0
1559,1559,5,0
1560,1560,4,0
1561,1561,3,0
1562,1562,3,0
1563,1563,3,0.3333333333333333
1564,1564,3,0
1565,1565,3,0
1566,1566,3,0.3333333333333333
1567,1567,4,0
1568,1568,3,0
1569,1569,3,0
1570,1570,3,0
1571,1571,3,0
1572,1572,3,0
1573,1573,4,0
1574,1574,3,0
1575,1575,5,0
1576,1576,3,0
1577,1577,3,0
1578,1578,3,0
1579,1579,4,0
1580,1580,3,0
1581,1581,3,0
1582,1582,4,0
1583,1583,3,0
1584,1584,5,0
1585,1585,4,0
1586,1586,4,0
1587,1587,3,0
1588,1588,4,0
1589,1589,3,0
1590,1590,3,0
1591,1591,4,0
1592,1592,3,0
1593,1593,3,0
1594,1594,4,0
1595,1595,3,0
1596,1596,3,0
1597,1597,3,0
1598,1598,5,0
1599,1599,6,0
1600,1600,3,0
1601,1601,3,0
1602,1602,4,0
1603,1603,4,0
1604,1604,3,0
1605,1605,3,0
1606,1606,3,0
1607,1607,5,0
1608,1608,4,0
1609,1609,3,0
1610,1610,5,0
1611,1611,3,0
1612,1612,3,0
1613,1613,3,0
1614,1614,3,0
1615,1615,3,0
1616,1616,3,0
1617,1617,4,0
1618,1618,3,0
1619,1619,3,0
1620,1620,3,0
1621,1621,4,0
1622,1622,5,0
1623,1623,4,0
1624,1624,3,0
1625,1625,3,0
1626,1626,3,0
1627,1627,4,0
1628,1628,3,0
1629,1629,3,0
1630,1630,4,0
1631,1631,8,0
1632,1632,3,0
1633,1633,3,0
1634,1634,3,0
1635,1635,3,0
1636,1636,3,0
1637,1637,3,0.3333333333333333
1638,1638,4,0
1639,1639,3,0.3333333333333333
1640,1640,3,0.3333333333333333
1641,1641,4,0
1642,1642,4,0.16666666666666666
1643,1643,3,0
1644,1644,4,0
1645,1645,3,0
1646,1646,3,0
1647,1647,3,0
1648,1648,3,0
1649,1649,4,0
1650,1650,3,0
1651,1651,3,0
1652,1652,4,0
1653,1653,3,0
1654,1654,3,0
1655,1655,3,0
1656,1656,4,0
1657,1657,5,0
1658,1658,4,0.16666666666666666
1659,1659,3,0
1660,1660,4,0
1661,1661,4,0
1662,1662,3,0
1663,1663,3,0
1664,1664,4,0.16666666666666666
1665,1665,3,0
1666,1666,3,0
1667,1667,3,0
1668,1668,3,0
1669,1669,4,0
1670,1670,3,0
1671,1671,3,0
1672,1672,4,0
1673,1673,3,0
1674,1674,3,0
1675,1675,3,0
1676,1676,3,0
1677,1677,3,0
1678,1678,3,0.6666666666666666
1679,1679,3,0
1680,1680,3,0
1681,1681,3,0
1682,1682,3,0
1683,1683,4,0
1684,1684,3,0
1685,1685,3,0
1686,1686,3,0
1687,1687,5,0
1688,1688,4,0
1689,1689,4,0
1690,1690,3,0
1691,1691,3,0
1692,1692,3,0
1693,1693,3,0
1694,1694,3,0
1695,1695,3,0
1696,1696,4,0
1697,1697,3,0
1698,1698,3,0
1699,1699,3,0
1700,1700,3,0
1701,1701,3,0
1702,1702,3,0
1703,1703,3,0
1704,1704,3,0
1705,1705,3,0
1706,1706,3,0
1707,1707,3,0
1708,1708,4,0
1709,1709,3,0
1710,1710,3,0
1711,1711,3,0
1712,1712,3,0
1713,1713,3,0
1714,1714,3,0
1715,1715,3,0
1716,1716,3,0
1717,1717,3,0
1718,1718,3,0
1719,1719,4,0
1720,1720,3,0
1721,1721,5,0
1722,1722,3,0
1723,1723,3,0
1724,1724,3,0
1725,1725,4,0
1726,1726,3,0
1727,1727,4,0
1728,1728,3,0
1729,1729,3,0
1730,1730,3,0
1731,1731,3,0
1732,1732,3,0.3333333333333333
1733,1733,3,0
1734,1734,3,0
1735,1735,3,0.3333333333333333
1736,1736,3,0
1737,1737,3,0
1738,1738,4,0
1739,1739,3,0.3333333333333333
1740,1740,3,0
1741,1741,3,0
1742,1742,3,0
1743,1743,4,0
1744,1744,3,0
1745,1745,3,0
1746,1746,3,0
1747,1747,3,0
1748,1748,3,0
1749,1749,3,0
1750,1750,3,0
1751,1751,3,0
1752,1752,3,0
1753,1753,3,0
1754,1754,3,0
1755,1755,3,0
1756,1756,3,0
1757,1757,3,0
1758,1758,4,0
1759,1759,3,0
1760,1760,3,0
1761,1761,3,0
1762,1762,3,0
1763,1763,3,0
1764,1764,3,0
1765,1765,3,0
1766,1766,3,0.3333333333333333
1767,1767,5,0
1768,1768,3,0
1769,1769,3,0
1770,1770,3,0
1771,1771,3,0
1772,1772,3,0
1773,1773,3,0
1774,1774,3,0
1775,1775,4,0
1776,1776,4,0
1777,1777,3,0
1778,1778,3,0.3333333333333333
1779,1779,3,0
1780,1780,4,0
1781,1781,3,0
1782,1782,3,0
1783,1783,4,0
1784,1784,3,0
1785,1785,3,0
1786,1786,3,0
1787,1787,3,0
1788,1788,3,0
1789,1789,3,0
1790,1790,3,0
1791,1791,3,0
1792,1792,3,0
1793,1793,3,0
1794,1794,3,0
1795,1795,4,0
1796,1796,3,0
1797,1797,3,0
1798,1798,3,0
1799,1799,3,0
1800,1800,3,0.3333333333333333
1801,1801,3,0
1802,1802,3,0
1803,1803,4,0
1804,1804,3,0
1805,1805,4,0
1806,1806,3,0
1807,1807,3,0
1808,1808,3,0
1809,1809,3,0
1810,1810,3,0
1811,1811,3,0
1812,1812,3,0
1813,1813,3,0
1814,1814,3,0
1815,1815,3,0
1816,1816,3,0
1817,1817,3,0
1818,1818,3,0
1819,1819,3,0
1820,1820,3,0
1821,1821,3,0
1822,1822,3,0
1823,1823,3,0
1824,1824,3,0.6666666666666666
1825,1825,4,0
1826,1826,3,0
1827,1827,3,0
1828,1828,3,0
1829,1829,3,0
1830,1830,4,0
1831,1831,3,0
1832,1832,3,0
1833,1833,3,0
1834,1834,3,0
1835,1835,3,0
1836,1836,3,0
1837,1837,3,0
1838,1838,3,0
1839,1839,4,0
1840,1840,3,0
1841,1841,3,0
1842,1842,3,0
1843,1843,3,0
1844,1844,3,0
1845,1845,3,0
1846,1846,3,0
1847,1847,3,0
1848,1848,3,0
1849,1849,4,0
1850,1850,4,0
1851,1851,3,0
1852,1852,3,0
1853,1853,3,0
1854,1854,3,0
1855,1855,3,0
1856,1856,3,0
1857,1857,4,0
1858,1858,3,0
1859,1859,3,0
1860,1860,3,0
1861,1861,3,0
1862,1862,3,0
1863,1863,3,0
1864,1864,3,0
1865,1865,3,0
1866,1866,3,0
1867,1867,3,0.3333333333333333
1868,1868,3,0
1869,1869,5,0
1870,1870,3,0
1871,1871,3,0
1872,1872,3,0
1873,1873,4,0
1874,1874,3,0
1875,1875,3,0
1876,1876,3,0
1877,1877,3,0
1878,1878,3,0
1879,1879,3,0
1880,1880,3,0.3333333333333333
1881,1881,3,0
1882,1882,3,0
1883,1883,3,0
1884,1884,3,0
1885,1885,3,0
1886,1886,3,0
1887,1887,3,0
1888,1888,3,0
1889,1889,3,0
1890,1890,3,0
1891,1891,3,0.3333333333333333
1892,1892,3,0
1893,1893,3,0
1894,1894,3,0
1895,1895,3,0
1896,1896,3,0
1897,1897,3,0
1898,1898,3,0
1899,1899,3,0
1900,1900,4,0
1901,1901,3,0
1902,1902,3,0
1903,1903,3,0.3333333333333333
1904,1904,3,0
1905,1905,3,0
1906,1906,3,0
1907,1907,3,0
1908,1908,3,0
1909,1909,3,0
1910,1910,3,0
1911,1911,3,0
1912,1912,3,0.3333333333333333
1913,1913,3,0
1914,1914,3,0
1915,1915,3,0
1916,1916,3,0
1917,1917,3,0
1918,1918,3,0
1919,1919,3,0
1920,1920,3,0
1921,1921,3,0
1922,1922,3,0
1923,1923,3,0
1924,1924,4,0
1925,1925,4,0
1926,1926,3,0
1927,1927,3,0.3333333333333333
1928,1928,3,0
1929,1929,3,0.3333333333333333
1930,1930,3,0
1931,1931,3,0
1932,1932,3,0
1933,1933,3,0
1934,1934,3,0
1935,1935,3,0
1936,1936,3,0
1937,1937,3,0
1938,1938,3,0
1939,1939,3,0.3333333333333333
1940,1940,5,0
1941,1941,3,0
1942,1942,3,0
1943,1943,3,0
1944,1944,3,0
1945,1945,3,0
1946,1946,3,0
1947,1947,3,0
1948,1948,3,0
1949,1949,3,0
1950,1950,3,0
1951,1951,3,0
1952,1952,3,0
1953,1953,3,0
1954,1954,3,0
1955,1955,3,0
1956,1956,3,0
1957,1957,3,0
1958,1958,3,0
1959,1959,3,0
1960,1960,3,0
1961,1961,3,0
1962,1962,3,0
1963,1963,4,0
1964,1964,3,0
1965,1965,3,0
1966,1966,3,0
1967,1967,3,0
1968,1968,3,0
1969,1969,3,0
1970,1970,4,0
1971,1971,3,0
1972,1972,3,0
1973,1973,3,0
1974,1974,3,0
1975,1975,3,0
1976,1976,3,0
1977,1977,3,0
1978,1978,3,0
1979,1979,3,0
1980,1980,3,0
1981,1981,3,0
1982,1982,3,0.3333333333333333
1983,1983,3,0
1984,1984,3,0
1985,1985,3,0
1986,1986,3,0
1987,1987,3,0
1988,1988,3,0
1989,1989,3,0
1990,1990,3,0
1991,1991,3,0
1992,1992,3,0
1993,1993,3,0
1994,1994,3,0
1995,1995,3,0
1996,1996,3,0
1997,1997,3,0
1998,1998,3,0
1999,1999,3,0
